Abstract Loop,Loop Total,Loop Songs,Loop Total Songs,Loop ProgIDs,Loop Forms,keyMode,triadMode,formMode,beatMode,Abstract Lick,Lick Total,Lick Songs,Lick Total Songs,Lick Forms,Lick Length
5maj_5maj_7maj_7maj_,26,"['191', '23', '385', '559', '689']",5,"['102', '105', '63', '64']",['c'],False,1,True,True,.maj_7.maj_5.maj_5.maj_7.maj_7.maj_5.maj_5.maj_7.maj_7.maj_5.maj_5.maj_7.maj,15,"['191', '23', '559']",3,['c'],13
5maj_5maj_7maj_7maj_,26,"['191', '23', '385', '559', '689']",5,"['102', '105', '63', '64']",['c'],False,1,True,True,.maj_5.maj_5.maj_7.maj_7.maj_5.maj_5.maj_7.maj_7.maj_5.maj_5.maj_7.maj,1,"['191', '23', '559']",3,['c'],12
5maj_5maj_7maj_7maj_,26,"['191', '23', '385', '559', '689']",5,"['102', '105', '63', '64']",['c'],False,1,True,True,.maj_5.maj_7.maj_7.maj_5.maj_5.maj_7.maj_7.maj_5.maj_5.maj_7.maj,0,"['191', '23', '559']",3,['c'],11
5maj_5maj_7maj_7maj_,26,"['191', '23', '385', '559', '689']",5,"['102', '105', '63', '64']",['c'],False,1,True,True,.maj_5.maj_5.maj_7.maj,10,"['191', '23', '385', '559', '689']",5,['c'],4
2maj_5maj_5maj_,314,"['101', '1040', '1044', '1045', '105', '1104', '1208', '184', '217', '231', '235', '249', '254', '290', '30', '324', '325', '385', '387', '421', '43', '443', '465', '555', '589', '6', '615', '620', '690', '71', '720', '729', '758', '785', '791', '821', '838', '902', '927', '94']",40,"['120', '121', '140', '144', '145', '149', '152', '170', '42', '46', '47', '48', '57', '59', '60', '61', '62', '71', '91', '97', '98', '99']","['c', 'o', 'v']",False,1,True,True,.maj_5.maj_2.maj_5.maj_5.maj_2.maj_5.maj_5.maj_2.maj_5.maj_5.maj_2.maj_5.maj_5.maj_2.maj,24,"['324', '791']",2,['c'],15
2maj_5maj_5maj_,314,"['101', '1040', '1044', '1045', '105', '1104', '1208', '184', '217', '231', '235', '249', '254', '290', '30', '324', '325', '385', '387', '421', '43', '443', '465', '555', '589', '6', '615', '620', '690', '71', '720', '729', '758', '785', '791', '821', '838', '902', '927', '94']",40,"['120', '121', '140', '144', '145', '149', '152', '170', '42', '46', '47', '48', '57', '59', '60', '61', '62', '71', '91', '97', '98', '99']","['c', 'o', 'v']",False,1,True,True,.maj_2.maj_5.maj_5.maj_2.maj_5.maj_5.maj_2.maj_5.maj_5.maj_2.maj_5.maj_5.maj_2.maj,2,"['324', '791']",2,['c'],14
2maj_5maj_5maj_,314,"['101', '1040', '1044', '1045', '105', '1104', '1208', '184', '217', '231', '235', '249', '254', '290', '30', '324', '325', '385', '387', '421', '43', '443', '465', '555', '589', '6', '615', '620', '690', '71', '720', '729', '758', '785', '791', '821', '838', '902', '927', '94']",40,"['120', '121', '140', '144', '145', '149', '152', '170', '42', '46', '47', '48', '57', '59', '60', '61', '62', '71', '91', '97', '98', '99']","['c', 'o', 'v']",False,1,True,True,.maj_5.maj_5.maj_2.maj_5.maj_5.maj_2.maj_5.maj_5.maj_2.maj_5.maj_5.maj_2.maj,3,"['324', '791']",2,['c'],13
2maj_5maj_5maj_,314,"['101', '1040', '1044', '1045', '105', '1104', '1208', '184', '217', '231', '235', '249', '254', '290', '30', '324', '325', '385', '387', '421', '43', '443', '465', '555', '589', '6', '615', '620', '690', '71', '720', '729', '758', '785', '791', '821', '838', '902', '927', '94']",40,"['120', '121', '140', '144', '145', '149', '152', '170', '42', '46', '47', '48', '57', '59', '60', '61', '62', '71', '91', '97', '98', '99']","['c', 'o', 'v']",False,1,True,True,.maj_5.maj_2.maj_5.maj_5.maj_2.maj_5.maj_5.maj_2.maj_5.maj_5.maj_2.maj,7,"['324', '443', '791']",3,['c'],12
2maj_5maj_5maj_,314,"['101', '1040', '1044', '1045', '105', '1104', '1208', '184', '217', '231', '235', '249', '254', '290', '30', '324', '325', '385', '387', '421', '43', '443', '465', '555', '589', '6', '615', '620', '690', '71', '720', '729', '758', '785', '791', '821', '838', '902', '927', '94']",40,"['120', '121', '140', '144', '145', '149', '152', '170', '42', '46', '47', '48', '57', '59', '60', '61', '62', '71', '91', '97', '98', '99']","['c', 'o', 'v']",False,1,True,True,.maj_2.maj_5.maj_5.maj_2.maj_5.maj_5.maj_2.maj_5.maj_5.maj_2.maj,1,"['324', '443', '791']",3,['c'],11
2maj_5maj_5maj_,314,"['101', '1040', '1044', '1045', '105', '1104', '1208', '184', '217', '231', '235', '249', '254', '290', '30', '324', '325', '385', '387', '421', '43', '443', '465', '555', '589', '6', '615', '620', '690', '71', '720', '729', '758', '785', '791', '821', '838', '902', '927', '94']",40,"['120', '121', '140', '144', '145', '149', '152', '170', '42', '46', '47', '48', '57', '59', '60', '61', '62', '71', '91', '97', '98', '99']","['c', 'o', 'v']",False,1,True,True,.maj_5.maj_5.maj_2.maj_5.maj_5.maj_2.maj_5.maj_5.maj_2.maj,1,"['324', '443', '791']",3,['c'],10
2maj_5maj_5maj_,314,"['101', '1040', '1044', '1045', '105', '1104', '1208', '184', '217', '231', '235', '249', '254', '290', '30', '324', '325', '385', '387', '421', '43', '443', '465', '555', '589', '6', '615', '620', '690', '71', '720', '729', '758', '785', '791', '821', '838', '902', '927', '94']",40,"['120', '121', '140', '144', '145', '149', '152', '170', '42', '46', '47', '48', '57', '59', '60', '61', '62', '71', '91', '97', '98', '99']","['c', 'o', 'v']",False,1,True,True,.maj_5.maj_2.maj_5.maj_5.maj_2.maj_5.maj_5.maj_2.maj,12,"['1104', '615', '71']",3,['v'],9
2maj_5maj_5maj_,314,"['101', '1040', '1044', '1045', '105', '1104', '1208', '184', '217', '231', '235', '249', '254', '290', '30', '324', '325', '385', '387', '421', '43', '443', '465', '555', '589', '6', '615', '620', '690', '71', '720', '729', '758', '785', '791', '821', '838', '902', '927', '94']",40,"['120', '121', '140', '144', '145', '149', '152', '170', '42', '46', '47', '48', '57', '59', '60', '61', '62', '71', '91', '97', '98', '99']","['c', 'o', 'v']",False,1,True,True,.maj_2.maj_5.maj_5.maj_2.maj_5.maj_5.maj_2.maj,17,"['1104', '615', '71']",3,['v'],8
2maj_5maj_5maj_,314,"['101', '1040', '1044', '1045', '105', '1104', '1208', '184', '217', '231', '235', '249', '254', '290', '30', '324', '325', '385', '387', '421', '43', '443', '465', '555', '589', '6', '615', '620', '690', '71', '720', '729', '758', '785', '791', '821', '838', '902', '927', '94']",40,"['120', '121', '140', '144', '145', '149', '152', '170', '42', '46', '47', '48', '57', '59', '60', '61', '62', '71', '91', '97', '98', '99']","['c', 'o', 'v']",False,1,True,True,.maj_5.maj_2.maj_5.maj_5.maj_2.maj_5.maj,32,"['1208', '249', '254', '555', '758', '785', '838']",7,['v'],7
2maj_5maj_5maj_,314,"['101', '1040', '1044', '1045', '105', '1104', '1208', '184', '217', '231', '235', '249', '254', '290', '30', '324', '325', '385', '387', '421', '43', '443', '465', '555', '589', '6', '615', '620', '690', '71', '720', '729', '758', '785', '791', '821', '838', '902', '927', '94']",40,"['120', '121', '140', '144', '145', '149', '152', '170', '42', '46', '47', '48', '57', '59', '60', '61', '62', '71', '91', '97', '98', '99']","['c', 'o', 'v']",False,1,True,True,.maj_5.maj_5.maj_2.maj_5.maj_5.maj_2.maj,2,"['1104', '615', '71']",3,['v'],7
2maj_5maj_5maj_,314,"['101', '1040', '1044', '1045', '105', '1104', '1208', '184', '217', '231', '235', '249', '254', '290', '30', '324', '325', '385', '387', '421', '43', '443', '465', '555', '589', '6', '615', '620', '690', '71', '720', '729', '758', '785', '791', '821', '838', '902', '927', '94']",40,"['120', '121', '140', '144', '145', '149', '152', '170', '42', '46', '47', '48', '57', '59', '60', '61', '62', '71', '91', '97', '98', '99']","['c', 'o', 'v']",False,1,True,True,.maj_5.maj_2.maj_5.maj_5.maj_2.maj,11,"['101', '1040', '1045', '1208', '231', '235', '290', '30', '324', '387', '43', '443', '465', '589', '620', '720', '729', '791']",18,"['c', 'o']",6
2maj_5maj_5maj_,314,"['101', '1040', '1044', '1045', '105', '1104', '1208', '184', '217', '231', '235', '249', '254', '290', '30', '324', '325', '385', '387', '421', '43', '443', '465', '555', '589', '6', '615', '620', '690', '71', '720', '729', '758', '785', '791', '821', '838', '902', '927', '94']",40,"['120', '121', '140', '144', '145', '149', '152', '170', '42', '46', '47', '48', '57', '59', '60', '61', '62', '71', '91', '97', '98', '99']","['c', 'o', 'v']",False,1,True,True,.maj_5.maj_2.maj_5.maj_5.maj_2.maj,11,"['101', '1040', '1045', '1208', '231', '235', '290', '30', '324', '387', '43', '443', '465', '589', '620', '720', '729', '791']",18,"['c', 'o']",6
2maj_5maj_5maj_,314,"['101', '1040', '1044', '1045', '105', '1104', '1208', '184', '217', '231', '235', '249', '254', '290', '30', '324', '325', '385', '387', '421', '43', '443', '465', '555', '589', '6', '615', '620', '690', '71', '720', '729', '758', '785', '791', '821', '838', '902', '927', '94']",40,"['120', '121', '140', '144', '145', '149', '152', '170', '42', '46', '47', '48', '57', '59', '60', '61', '62', '71', '91', '97', '98', '99']","['c', 'o', 'v']",False,1,True,True,.maj_5.maj_2.maj_5.maj_5.maj_2.maj,11,"['101', '1040', '1045', '1208', '231', '235', '290', '30', '324', '387', '43', '443', '465', '589', '620', '720', '729', '791']",18,"['c', 'o']",6
2maj_5maj_5maj_,314,"['101', '1040', '1044', '1045', '105', '1104', '1208', '184', '217', '231', '235', '249', '254', '290', '30', '324', '325', '385', '387', '421', '43', '443', '465', '555', '589', '6', '615', '620', '690', '71', '720', '729', '758', '785', '791', '821', '838', '902', '927', '94']",40,"['120', '121', '140', '144', '145', '149', '152', '170', '42', '46', '47', '48', '57', '59', '60', '61', '62', '71', '91', '97', '98', '99']","['c', 'o', 'v']",False,1,True,True,.maj_5.maj_2.maj_5.maj_5.maj_2.maj,11,"['101', '1040', '1045', '1208', '231', '235', '290', '30', '324', '387', '43', '443', '465', '589', '620', '720', '729', '791']",18,"['c', 'o']",6
2maj_5maj_5maj_,314,"['101', '1040', '1044', '1045', '105', '1104', '1208', '184', '217', '231', '235', '249', '254', '290', '30', '324', '325', '385', '387', '421', '43', '443', '465', '555', '589', '6', '615', '620', '690', '71', '720', '729', '758', '785', '791', '821', '838', '902', '927', '94']",40,"['120', '121', '140', '144', '145', '149', '152', '170', '42', '46', '47', '48', '57', '59', '60', '61', '62', '71', '91', '97', '98', '99']","['c', 'o', 'v']",False,1,True,True,.maj_2.maj_5.maj_5.maj_2.maj_5.maj,12,"['1208', '249', '254', '555', '758', '785', '838']",7,['v'],6
2maj_5maj_5maj_,314,"['101', '1040', '1044', '1045', '105', '1104', '1208', '184', '217', '231', '235', '249', '254', '290', '30', '324', '325', '385', '387', '421', '43', '443', '465', '555', '589', '6', '615', '620', '690', '71', '720', '729', '758', '785', '791', '821', '838', '902', '927', '94']",40,"['120', '121', '140', '144', '145', '149', '152', '170', '42', '46', '47', '48', '57', '59', '60', '61', '62', '71', '91', '97', '98', '99']","['c', 'o', 'v']",False,1,True,True,.maj_2.maj_5.maj_5.maj_2.maj,7,"['1045', '1208', '231', '290', '30', '324', '325', '387', '443', '465', '589', '690', '720', '729', '791']",15,"['c', 'o']",5
2maj_5maj_5maj_,314,"['101', '1040', '1044', '1045', '105', '1104', '1208', '184', '217', '231', '235', '249', '254', '290', '30', '324', '325', '385', '387', '421', '43', '443', '465', '555', '589', '6', '615', '620', '690', '71', '720', '729', '758', '785', '791', '821', '838', '902', '927', '94']",40,"['120', '121', '140', '144', '145', '149', '152', '170', '42', '46', '47', '48', '57', '59', '60', '61', '62', '71', '91', '97', '98', '99']","['c', 'o', 'v']",False,1,True,True,.maj_2.maj_5.maj_5.maj_2.maj,7,"['1045', '1208', '231', '290', '30', '324', '325', '387', '443', '465', '589', '690', '720', '729', '791']",15,"['c', 'o']",5
2maj_5maj_5maj_,314,"['101', '1040', '1044', '1045', '105', '1104', '1208', '184', '217', '231', '235', '249', '254', '290', '30', '324', '325', '385', '387', '421', '43', '443', '465', '555', '589', '6', '615', '620', '690', '71', '720', '729', '758', '785', '791', '821', '838', '902', '927', '94']",40,"['120', '121', '140', '144', '145', '149', '152', '170', '42', '46', '47', '48', '57', '59', '60', '61', '62', '71', '91', '97', '98', '99']","['c', 'o', 'v']",False,1,True,True,.maj_2.maj_5.maj_5.maj_2.maj,7,"['1045', '1208', '231', '290', '30', '324', '325', '387', '443', '465', '589', '690', '720', '729', '791']",15,"['c', 'o']",5
2maj_5maj_5maj_,314,"['101', '1040', '1044', '1045', '105', '1104', '1208', '184', '217', '231', '235', '249', '254', '290', '30', '324', '325', '385', '387', '421', '43', '443', '465', '555', '589', '6', '615', '620', '690', '71', '720', '729', '758', '785', '791', '821', '838', '902', '927', '94']",40,"['120', '121', '140', '144', '145', '149', '152', '170', '42', '46', '47', '48', '57', '59', '60', '61', '62', '71', '91', '97', '98', '99']","['c', 'o', 'v']",False,1,True,True,.maj_5.maj_5.maj_2.maj,16,"['1045', '231', '30', '324', '325', '387', '443', '465', '589', '690', '720', '791', '927']",13,['c'],4
2maj_5maj_5maj_,314,"['101', '1040', '1044', '1045', '105', '1104', '1208', '184', '217', '231', '235', '249', '254', '290', '30', '324', '325', '385', '387', '421', '43', '443', '465', '555', '589', '6', '615', '620', '690', '71', '720', '729', '758', '785', '791', '821', '838', '902', '927', '94']",40,"['120', '121', '140', '144', '145', '149', '152', '170', '42', '46', '47', '48', '57', '59', '60', '61', '62', '71', '91', '97', '98', '99']","['c', 'o', 'v']",False,1,True,True,.maj_5.maj_5.maj_2.maj,16,"['1045', '231', '30', '324', '325', '387', '443', '465', '589', '690', '720', '791', '927']",13,['c'],4
2maj_5maj_5maj_,314,"['101', '1040', '1044', '1045', '105', '1104', '1208', '184', '217', '231', '235', '249', '254', '290', '30', '324', '325', '385', '387', '421', '43', '443', '465', '555', '589', '6', '615', '620', '690', '71', '720', '729', '758', '785', '791', '821', '838', '902', '927', '94']",40,"['120', '121', '140', '144', '145', '149', '152', '170', '42', '46', '47', '48', '57', '59', '60', '61', '62', '71', '91', '97', '98', '99']","['c', 'o', 'v']",False,1,True,True,.maj_2.maj_5.maj,167,"['1044', '105', '184', '217', '385', '421', '6', '821', '902', '94']",10,"['c', 'v']",3
2maj_5maj_5maj_,314,"['101', '1040', '1044', '1045', '105', '1104', '1208', '184', '217', '231', '235', '249', '254', '290', '30', '324', '325', '385', '387', '421', '43', '443', '465', '555', '589', '6', '615', '620', '690', '71', '720', '729', '758', '785', '791', '821', '838', '902', '927', '94']",40,"['120', '121', '140', '144', '145', '149', '152', '170', '42', '46', '47', '48', '57', '59', '60', '61', '62', '71', '91', '97', '98', '99']","['c', 'o', 'v']",False,1,True,True,.maj_2.maj_5.maj,167,"['1044', '105', '184', '217', '385', '421', '6', '821', '902', '94']",10,"['c', 'v']",3
07_10maj7_7maj_7maj_,12,['705'],1,['8'],['c'],False,1,True,True,.7_10.maj7_7.maj_7.maj,12,['705'],1,['c'],4
5maj_7maj_,413,"['1018', '1061', '1071', '1100', '1113', '1117', '1119', '1139', '1142', '1180', '1248', '126', '139', '147', '183', '187', '203', '215', '229', '23', '234', '246', '254', '29', '293', '318', '330', '417', '452', '468', '477', '492', '559', '560', '561', '610', '619', '674', '752', '758', '803', '845', '864', '879', '91', '941', '968', '979']",48,"['101', '106', '107', '108', '109', '114', '115', '117', '118', '119', '153', '154', '155', '156', '171', '172', '173', '174', '65', '66', '67', '68', '74', '75', '78']","['c', 'd', 'l', 'v']",False,1,True,True,.maj_5.maj_7.maj_5.maj_7.maj_5.maj_7.maj_5.maj_7.maj_5.maj_7.maj_5.maj_7.maj_5.maj,60,"['1018', '1100', '1113', '1117', '330', '468', '477', '619', '674', '968']",10,"['c', 'v']",14
5maj_7maj_,413,"['1018', '1061', '1071', '1100', '1113', '1117', '1119', '1139', '1142', '1180', '1248', '126', '139', '147', '183', '187', '203', '215', '229', '23', '234', '246', '254', '29', '293', '318', '330', '417', '452', '468', '477', '492', '559', '560', '561', '610', '619', '674', '752', '758', '803', '845', '864', '879', '91', '941', '968', '979']",48,"['101', '106', '107', '108', '109', '114', '115', '117', '118', '119', '153', '154', '155', '156', '171', '172', '173', '174', '65', '66', '67', '68', '74', '75', '78']","['c', 'd', 'l', 'v']",False,1,True,True,.maj_5.maj_7.maj_5.maj_7.maj_5.maj_7.maj_5.maj_7.maj_5.maj_7.maj_5.maj_7.maj_5.maj,60,"['1018', '1100', '1113', '1117', '330', '468', '477', '619', '674', '968']",10,"['c', 'v']",14
5maj_7maj_,413,"['1018', '1061', '1071', '1100', '1113', '1117', '1119', '1139', '1142', '1180', '1248', '126', '139', '147', '183', '187', '203', '215', '229', '23', '234', '246', '254', '29', '293', '318', '330', '417', '452', '468', '477', '492', '559', '560', '561', '610', '619', '674', '752', '758', '803', '845', '864', '879', '91', '941', '968', '979']",48,"['101', '106', '107', '108', '109', '114', '115', '117', '118', '119', '153', '154', '155', '156', '171', '172', '173', '174', '65', '66', '67', '68', '74', '75', '78']","['c', 'd', 'l', 'v']",False,1,True,True,.maj_7.maj_5.maj_7.maj_5.maj_7.maj_5.maj_7.maj_5.maj_7.maj_5.maj_7.maj_5.maj,2,"['1018', '1100', '1113', '1117', '330', '468', '477', '619', '674', '968']",10,"['c', 'v']",13
5maj_7maj_,413,"['1018', '1061', '1071', '1100', '1113', '1117', '1119', '1139', '1142', '1180', '1248', '126', '139', '147', '183', '187', '203', '215', '229', '23', '234', '246', '254', '29', '293', '318', '330', '417', '452', '468', '477', '492', '559', '560', '561', '610', '619', '674', '752', '758', '803', '845', '864', '879', '91', '941', '968', '979']",48,"['101', '106', '107', '108', '109', '114', '115', '117', '118', '119', '153', '154', '155', '156', '171', '172', '173', '174', '65', '66', '67', '68', '74', '75', '78']","['c', 'd', 'l', 'v']",False,1,True,True,.maj_7.maj_5.maj_7.maj_5.maj_7.maj_5.maj_7.maj_5.maj_7.maj_5.maj_7.maj_5.maj,2,"['1018', '1100', '1113', '1117', '330', '468', '477', '619', '674', '968']",10,"['c', 'v']",13
5maj_7maj_,413,"['1018', '1061', '1071', '1100', '1113', '1117', '1119', '1139', '1142', '1180', '1248', '126', '139', '147', '183', '187', '203', '215', '229', '23', '234', '246', '254', '29', '293', '318', '330', '417', '452', '468', '477', '492', '559', '560', '561', '610', '619', '674', '752', '758', '803', '845', '864', '879', '91', '941', '968', '979']",48,"['101', '106', '107', '108', '109', '114', '115', '117', '118', '119', '153', '154', '155', '156', '171', '172', '173', '174', '65', '66', '67', '68', '74', '75', '78']","['c', 'd', 'l', 'v']",False,1,True,True,.maj_5.maj_7.maj_5.maj_7.maj_5.maj_7.maj_5.maj_7.maj_5.maj_7.maj_5.maj,10,"['1018', '1100', '1113', '1117', '330', '468', '477', '619', '674', '968']",10,"['c', 'v']",12
5maj_7maj_,413,"['1018', '1061', '1071', '1100', '1113', '1117', '1119', '1139', '1142', '1180', '1248', '126', '139', '147', '183', '187', '203', '215', '229', '23', '234', '246', '254', '29', '293', '318', '330', '417', '452', '468', '477', '492', '559', '560', '561', '610', '619', '674', '752', '758', '803', '845', '864', '879', '91', '941', '968', '979']",48,"['101', '106', '107', '108', '109', '114', '115', '117', '118', '119', '153', '154', '155', '156', '171', '172', '173', '174', '65', '66', '67', '68', '74', '75', '78']","['c', 'd', 'l', 'v']",False,1,True,True,.maj_5.maj_7.maj_5.maj_7.maj_5.maj_7.maj_5.maj_7.maj_5.maj_7.maj_5.maj,10,"['1018', '1100', '1113', '1117', '330', '468', '477', '619', '674', '968']",10,"['c', 'v']",12
5maj_7maj_,413,"['1018', '1061', '1071', '1100', '1113', '1117', '1119', '1139', '1142', '1180', '1248', '126', '139', '147', '183', '187', '203', '215', '229', '23', '234', '246', '254', '29', '293', '318', '330', '417', '452', '468', '477', '492', '559', '560', '561', '610', '619', '674', '752', '758', '803', '845', '864', '879', '91', '941', '968', '979']",48,"['101', '106', '107', '108', '109', '114', '115', '117', '118', '119', '153', '154', '155', '156', '171', '172', '173', '174', '65', '66', '67', '68', '74', '75', '78']","['c', 'd', 'l', 'v']",False,1,True,True,.maj_7.maj_5.maj_7.maj_5.maj_7.maj_5.maj_7.maj_5.maj_7.maj_5.maj,2,"['1018', '1100', '1113', '1117', '330', '468', '477', '619', '674', '968']",10,"['c', 'v']",11
5maj_7maj_,413,"['1018', '1061', '1071', '1100', '1113', '1117', '1119', '1139', '1142', '1180', '1248', '126', '139', '147', '183', '187', '203', '215', '229', '23', '234', '246', '254', '29', '293', '318', '330', '417', '452', '468', '477', '492', '559', '560', '561', '610', '619', '674', '752', '758', '803', '845', '864', '879', '91', '941', '968', '979']",48,"['101', '106', '107', '108', '109', '114', '115', '117', '118', '119', '153', '154', '155', '156', '171', '172', '173', '174', '65', '66', '67', '68', '74', '75', '78']","['c', 'd', 'l', 'v']",False,1,True,True,.maj_7.maj_5.maj_7.maj_5.maj_7.maj_5.maj_7.maj_5.maj_7.maj_5.maj,2,"['1018', '1100', '1113', '1117', '330', '468', '477', '619', '674', '968']",10,"['c', 'v']",11
5maj_7maj_,413,"['1018', '1061', '1071', '1100', '1113', '1117', '1119', '1139', '1142', '1180', '1248', '126', '139', '147', '183', '187', '203', '215', '229', '23', '234', '246', '254', '29', '293', '318', '330', '417', '452', '468', '477', '492', '559', '560', '561', '610', '619', '674', '752', '758', '803', '845', '864', '879', '91', '941', '968', '979']",48,"['101', '106', '107', '108', '109', '114', '115', '117', '118', '119', '153', '154', '155', '156', '171', '172', '173', '174', '65', '66', '67', '68', '74', '75', '78']","['c', 'd', 'l', 'v']",False,1,True,True,.maj_5.maj_7.maj_5.maj_7.maj_5.maj_7.maj_5.maj_7.maj_5.maj,9,"['1018', '1100', '1113', '1117', '330', '417', '477', '619', '674', '968']",10,['v'],10
5maj_7maj_,413,"['1018', '1061', '1071', '1100', '1113', '1117', '1119', '1139', '1142', '1180', '1248', '126', '139', '147', '183', '187', '203', '215', '229', '23', '234', '246', '254', '29', '293', '318', '330', '417', '452', '468', '477', '492', '559', '560', '561', '610', '619', '674', '752', '758', '803', '845', '864', '879', '91', '941', '968', '979']",48,"['101', '106', '107', '108', '109', '114', '115', '117', '118', '119', '153', '154', '155', '156', '171', '172', '173', '174', '65', '66', '67', '68', '74', '75', '78']","['c', 'd', 'l', 'v']",False,1,True,True,.maj_7.maj_5.maj_7.maj_5.maj_7.maj_5.maj_7.maj_5.maj,7,"['1018', '1061', '1100', '1113', '1117', '139', '147', '229', '254', '293', '318', '330', '417', '477', '619', '674', '968']",17,"['c', 'v']",9
5maj_7maj_,413,"['1018', '1061', '1071', '1100', '1113', '1117', '1119', '1139', '1142', '1180', '1248', '126', '139', '147', '183', '187', '203', '215', '229', '23', '234', '246', '254', '29', '293', '318', '330', '417', '452', '468', '477', '492', '559', '560', '561', '610', '619', '674', '752', '758', '803', '845', '864', '879', '91', '941', '968', '979']",48,"['101', '106', '107', '108', '109', '114', '115', '117', '118', '119', '153', '154', '155', '156', '171', '172', '173', '174', '65', '66', '67', '68', '74', '75', '78']","['c', 'd', 'l', 'v']",False,1,True,True,.maj_7.maj_5.maj_7.maj_5.maj_7.maj_5.maj_7.maj_5.maj,7,"['1018', '1061', '1100', '1113', '1117', '139', '147', '229', '254', '293', '318', '330', '417', '477', '619', '674', '968']",17,"['c', 'v']",9
5maj_7maj_,413,"['1018', '1061', '1071', '1100', '1113', '1117', '1119', '1139', '1142', '1180', '1248', '126', '139', '147', '183', '187', '203', '215', '229', '23', '234', '246', '254', '29', '293', '318', '330', '417', '452', '468', '477', '492', '559', '560', '561', '610', '619', '674', '752', '758', '803', '845', '864', '879', '91', '941', '968', '979']",48,"['101', '106', '107', '108', '109', '114', '115', '117', '118', '119', '153', '154', '155', '156', '171', '172', '173', '174', '65', '66', '67', '68', '74', '75', '78']","['c', 'd', 'l', 'v']",False,1,True,True,.maj_5.maj_7.maj_5.maj_7.maj_5.maj_7.maj_5.maj,26,"['1113', '203', '468', '674']",4,['c'],8
5maj_7maj_,413,"['1018', '1061', '1071', '1100', '1113', '1117', '1119', '1139', '1142', '1180', '1248', '126', '139', '147', '183', '187', '203', '215', '229', '23', '234', '246', '254', '29', '293', '318', '330', '417', '452', '468', '477', '492', '559', '560', '561', '610', '619', '674', '752', '758', '803', '845', '864', '879', '91', '941', '968', '979']",48,"['101', '106', '107', '108', '109', '114', '115', '117', '118', '119', '153', '154', '155', '156', '171', '172', '173', '174', '65', '66', '67', '68', '74', '75', '78']","['c', 'd', 'l', 'v']",False,1,True,True,.maj_7.maj_5.maj_7.maj_5.maj_7.maj_5.maj,10,"['1113', '203', '468', '559', '674']",5,['c'],7
5maj_7maj_,413,"['1018', '1061', '1071', '1100', '1113', '1117', '1119', '1139', '1142', '1180', '1248', '126', '139', '147', '183', '187', '203', '215', '229', '23', '234', '246', '254', '29', '293', '318', '330', '417', '452', '468', '477', '492', '559', '560', '561', '610', '619', '674', '752', '758', '803', '845', '864', '879', '91', '941', '968', '979']",48,"['101', '106', '107', '108', '109', '114', '115', '117', '118', '119', '153', '154', '155', '156', '171', '172', '173', '174', '65', '66', '67', '68', '74', '75', '78']","['c', 'd', 'l', 'v']",False,1,True,True,.maj_5.maj_7.maj_5.maj_7.maj_5.maj_7.maj,18,"['1018', '1100', '1113', '1117', '1248', '183', '23', '330', '417', '477', '619', '674', '845', '968']",14,['v'],7
5maj_7maj_,413,"['1018', '1061', '1071', '1100', '1113', '1117', '1119', '1139', '1142', '1180', '1248', '126', '139', '147', '183', '187', '203', '215', '229', '23', '234', '246', '254', '29', '293', '318', '330', '417', '452', '468', '477', '492', '559', '560', '561', '610', '619', '674', '752', '758', '803', '845', '864', '879', '91', '941', '968', '979']",48,"['101', '106', '107', '108', '109', '114', '115', '117', '118', '119', '153', '154', '155', '156', '171', '172', '173', '174', '65', '66', '67', '68', '74', '75', '78']","['c', 'd', 'l', 'v']",False,1,True,True,.maj_5.maj_7.maj_5.maj_7.maj_5.maj,14,"['1071', '1113', '1119', '1139', '1142', '1180', '203', '29', '468', '559', '674', '752', '91']",13,"['c', 'l']",6
5maj_7maj_,413,"['1018', '1061', '1071', '1100', '1113', '1117', '1119', '1139', '1142', '1180', '1248', '126', '139', '147', '183', '187', '203', '215', '229', '23', '234', '246', '254', '29', '293', '318', '330', '417', '452', '468', '477', '492', '559', '560', '561', '610', '619', '674', '752', '758', '803', '845', '864', '879', '91', '941', '968', '979']",48,"['101', '106', '107', '108', '109', '114', '115', '117', '118', '119', '153', '154', '155', '156', '171', '172', '173', '174', '65', '66', '67', '68', '74', '75', '78']","['c', 'd', 'l', 'v']",False,1,True,True,.maj_7.maj_5.maj_7.maj_5.maj_7.maj,50,"['1018', '1100', '1113', '1117', '1248', '183', '187', '215', '23', '330', '417', '477', '492', '560', '561', '619', '674', '803', '845', '968']",20,"['c', 'v']",6
5maj_7maj_,413,"['1018', '1061', '1071', '1100', '1113', '1117', '1119', '1139', '1142', '1180', '1248', '126', '139', '147', '183', '187', '203', '215', '229', '23', '234', '246', '254', '29', '293', '318', '330', '417', '452', '468', '477', '492', '559', '560', '561', '610', '619', '674', '752', '758', '803', '845', '864', '879', '91', '941', '968', '979']",48,"['101', '106', '107', '108', '109', '114', '115', '117', '118', '119', '153', '154', '155', '156', '171', '172', '173', '174', '65', '66', '67', '68', '74', '75', '78']","['c', 'd', 'l', 'v']",False,1,True,True,.maj_5.maj_7.maj_5.maj_7.maj_5.maj,14,"['1071', '1113', '1119', '1139', '1142', '1180', '203', '29', '468', '559', '674', '752', '91']",13,"['c', 'l']",6
5maj_7maj_,413,"['1018', '1061', '1071', '1100', '1113', '1117', '1119', '1139', '1142', '1180', '1248', '126', '139', '147', '183', '187', '203', '215', '229', '23', '234', '246', '254', '29', '293', '318', '330', '417', '452', '468', '477', '492', '559', '560', '561', '610', '619', '674', '752', '758', '803', '845', '864', '879', '91', '941', '968', '979']",48,"['101', '106', '107', '108', '109', '114', '115', '117', '118', '119', '153', '154', '155', '156', '171', '172', '173', '174', '65', '66', '67', '68', '74', '75', '78']","['c', 'd', 'l', 'v']",False,1,True,True,.maj_7.maj_5.maj_7.maj_5.maj_7.maj,50,"['1018', '1100', '1113', '1117', '1248', '183', '187', '215', '23', '330', '417', '477', '492', '560', '561', '619', '674', '803', '845', '968']",20,"['c', 'v']",6
5maj_7maj_,413,"['1018', '1061', '1071', '1100', '1113', '1117', '1119', '1139', '1142', '1180', '1248', '126', '139', '147', '183', '187', '203', '215', '229', '23', '234', '246', '254', '29', '293', '318', '330', '417', '452', '468', '477', '492', '559', '560', '561', '610', '619', '674', '752', '758', '803', '845', '864', '879', '91', '941', '968', '979']",48,"['101', '106', '107', '108', '109', '114', '115', '117', '118', '119', '153', '154', '155', '156', '171', '172', '173', '174', '65', '66', '67', '68', '74', '75', '78']","['c', 'd', 'l', 'v']",False,1,True,True,.maj_5.maj_7.maj_5.maj_7.maj,26,"['187', '215', '492', '560', '561', '803']",6,['c'],5
5maj_7maj_,413,"['1018', '1061', '1071', '1100', '1113', '1117', '1119', '1139', '1142', '1180', '1248', '126', '139', '147', '183', '187', '203', '215', '229', '23', '234', '246', '254', '29', '293', '318', '330', '417', '452', '468', '477', '492', '559', '560', '561', '610', '619', '674', '752', '758', '803', '845', '864', '879', '91', '941', '968', '979']",48,"['101', '106', '107', '108', '109', '114', '115', '117', '118', '119', '153', '154', '155', '156', '171', '172', '173', '174', '65', '66', '67', '68', '74', '75', '78']","['c', 'd', 'l', 'v']",False,1,True,True,.maj_7.maj_5.maj_7.maj_5.maj,25,"['1071', '1113', '1119', '1139', '1142', '1180', '126', '203', '29', '468', '559', '674', '752', '91', '979']",15,"['c', 'l']",5
5maj_7maj_,413,"['1018', '1061', '1071', '1100', '1113', '1117', '1119', '1139', '1142', '1180', '1248', '126', '139', '147', '183', '187', '203', '215', '229', '23', '234', '246', '254', '29', '293', '318', '330', '417', '452', '468', '477', '492', '559', '560', '561', '610', '619', '674', '752', '758', '803', '845', '864', '879', '91', '941', '968', '979']",48,"['101', '106', '107', '108', '109', '114', '115', '117', '118', '119', '153', '154', '155', '156', '171', '172', '173', '174', '65', '66', '67', '68', '74', '75', '78']","['c', 'd', 'l', 'v']",False,1,True,True,.maj_7.maj_5.maj_7.maj_5.maj,25,"['1071', '1113', '1119', '1139', '1142', '1180', '126', '203', '29', '468', '559', '674', '752', '91', '979']",15,"['c', 'l']",5
5maj_7maj_,413,"['1018', '1061', '1071', '1100', '1113', '1117', '1119', '1139', '1142', '1180', '1248', '126', '139', '147', '183', '187', '203', '215', '229', '23', '234', '246', '254', '29', '293', '318', '330', '417', '452', '468', '477', '492', '559', '560', '561', '610', '619', '674', '752', '758', '803', '845', '864', '879', '91', '941', '968', '979']",48,"['101', '106', '107', '108', '109', '114', '115', '117', '118', '119', '153', '154', '155', '156', '171', '172', '173', '174', '65', '66', '67', '68', '74', '75', '78']","['c', 'd', 'l', 'v']",False,1,True,True,.maj_7.maj_5.maj_7.maj,45,"['234', '610', '864']",3,['c'],4
5maj_7maj_,413,"['1018', '1061', '1071', '1100', '1113', '1117', '1119', '1139', '1142', '1180', '1248', '126', '139', '147', '183', '187', '203', '215', '229', '23', '234', '246', '254', '29', '293', '318', '330', '417', '452', '468', '477', '492', '559', '560', '561', '610', '619', '674', '752', '758', '803', '845', '864', '879', '91', '941', '968', '979']",48,"['101', '106', '107', '108', '109', '114', '115', '117', '118', '119', '153', '154', '155', '156', '171', '172', '173', '174', '65', '66', '67', '68', '74', '75', '78']","['c', 'd', 'l', 'v']",False,1,True,True,.maj_5.maj_7.maj_5.maj,14,"['1018', '203', '330', '468', '559', '674']",6,['d'],4
5maj_7maj_,413,"['1018', '1061', '1071', '1100', '1113', '1117', '1119', '1139', '1142', '1180', '1248', '126', '139', '147', '183', '187', '203', '215', '229', '23', '234', '246', '254', '29', '293', '318', '330', '417', '452', '468', '477', '492', '559', '560', '561', '610', '619', '674', '752', '758', '803', '845', '864', '879', '91', '941', '968', '979']",48,"['101', '106', '107', '108', '109', '114', '115', '117', '118', '119', '153', '154', '155', '156', '171', '172', '173', '174', '65', '66', '67', '68', '74', '75', '78']","['c', 'd', 'l', 'v']",False,1,True,True,.maj_5.maj_7.maj,95,"['234', '246', '452', '610', '758', '864', '879', '941']",8,"['c', 'l']",3
5maj_7maj_,413,"['1018', '1061', '1071', '1100', '1113', '1117', '1119', '1139', '1142', '1180', '1248', '126', '139', '147', '183', '187', '203', '215', '229', '23', '234', '246', '254', '29', '293', '318', '330', '417', '452', '468', '477', '492', '559', '560', '561', '610', '619', '674', '752', '758', '803', '845', '864', '879', '91', '941', '968', '979']",48,"['101', '106', '107', '108', '109', '114', '115', '117', '118', '119', '153', '154', '155', '156', '171', '172', '173', '174', '65', '66', '67', '68', '74', '75', '78']","['c', 'd', 'l', 'v']",False,1,True,True,.maj_5.maj_7.maj,95,"['234', '246', '452', '610', '758', '864', '879', '941']",8,"['c', 'l']",3
27_10maj7_7maj_7maj_10maj7_,12,['705'],1,['188'],['c'],False,1,True,True,.maj7_2.7_10.maj7_7.maj_7.maj,12,['705'],1,['c'],5
5maj_5maj_9min_5min_,24,"['728', '926']",2,"['202', '26']",['c'],False,1,True,True,.maj_9.min_5.min_5.maj_5.maj,18,"['728', '926']",2,['c'],5
5maj_5maj_9min_5min_,24,"['728', '926']",2,"['202', '26']",['c'],False,1,True,True,.min_5.min_5.maj_5.maj,6,"['728', '926']",2,['c'],4
2maj_77(#9)_3maj_,22,['625'],1,['7'],['v'],False,1,True,True,.7(#9)_3.maj_2.maj_7.7(#9),22,['625'],1,['v'],4
2maj_10maj_7maj_5maj_,32,"['1119', '238', '29', '339', '83']",5,"['104', '125', '126', '138', '139', '150', '151', '159', '33', '73', '90']","['c', 'v']",False,1,True,True,.maj_5.maj_2.maj_10.maj_7.maj_5.maj_2.maj_10.maj_7.maj_5.maj_2.maj_10.maj,17,['29'],1,['v'],12
2maj_10maj_7maj_5maj_,32,"['1119', '238', '29', '339', '83']",5,"['104', '125', '126', '138', '139', '150', '151', '159', '33', '73', '90']","['c', 'v']",False,1,True,True,.maj_2.maj_10.maj_7.maj_5.maj_2.maj_10.maj_7.maj_5.maj_2.maj_10.maj,0,['29'],1,['v'],11
2maj_10maj_7maj_5maj_,32,"['1119', '238', '29', '339', '83']",5,"['104', '125', '126', '138', '139', '150', '151', '159', '33', '73', '90']","['c', 'v']",False,1,True,True,.maj_10.maj_7.maj_5.maj_2.maj_10.maj_7.maj_5.maj_2.maj_10.maj,0,['29'],1,['v'],10
2maj_10maj_7maj_5maj_,32,"['1119', '238', '29', '339', '83']",5,"['104', '125', '126', '138', '139', '150', '151', '159', '33', '73', '90']","['c', 'v']",False,1,True,True,.maj_7.maj_5.maj_2.maj_10.maj_7.maj_5.maj_2.maj_10.maj,4,['29'],1,['v'],9
2maj_10maj_7maj_5maj_,32,"['1119', '238', '29', '339', '83']",5,"['104', '125', '126', '138', '139', '150', '151', '159', '33', '73', '90']","['c', 'v']",False,1,True,True,.maj_5.maj_2.maj_10.maj_7.maj_5.maj_2.maj_10.maj,5,"['238', '29', '339', '83']",4,"['c', 'v']",8
2maj_10maj_7maj_5maj_,32,"['1119', '238', '29', '339', '83']",5,"['104', '125', '126', '138', '139', '150', '151', '159', '33', '73', '90']","['c', 'v']",False,1,True,True,.maj_5.maj_2.maj_10.maj_7.maj_5.maj_2.maj_10.maj,5,"['238', '29', '339', '83']",4,"['c', 'v']",8
2maj_10maj_7maj_5maj_,32,"['1119', '238', '29', '339', '83']",5,"['104', '125', '126', '138', '139', '150', '151', '159', '33', '73', '90']","['c', 'v']",False,1,True,True,.maj_2.maj_10.maj_7.maj_5.maj_2.maj_10.maj,0,"['238', '29', '339', '83']",4,"['c', 'v']",7
2maj_10maj_7maj_5maj_,32,"['1119', '238', '29', '339', '83']",5,"['104', '125', '126', '138', '139', '150', '151', '159', '33', '73', '90']","['c', 'v']",False,1,True,True,.maj_2.maj_10.maj_7.maj_5.maj_2.maj_10.maj,0,"['238', '29', '339', '83']",4,"['c', 'v']",7
2maj_10maj_7maj_5maj_,32,"['1119', '238', '29', '339', '83']",5,"['104', '125', '126', '138', '139', '150', '151', '159', '33', '73', '90']","['c', 'v']",False,1,True,True,.maj_10.maj_7.maj_5.maj_2.maj_10.maj,0,"['1119', '238', '29', '339', '83']",5,"['c', 'v']",6
2maj_10maj_7maj_5maj_,32,"['1119', '238', '29', '339', '83']",5,"['104', '125', '126', '138', '139', '150', '151', '159', '33', '73', '90']","['c', 'v']",False,1,True,True,.maj_10.maj_7.maj_5.maj_2.maj_10.maj,0,"['1119', '238', '29', '339', '83']",5,"['c', 'v']",6
2maj_10maj_7maj_5maj_,32,"['1119', '238', '29', '339', '83']",5,"['104', '125', '126', '138', '139', '150', '151', '159', '33', '73', '90']","['c', 'v']",False,1,True,True,.maj_7.maj_5.maj_2.maj_10.maj,6,"['339', '83']",2,['c'],5
0min7_0min9_,48,"['55', '670']",2,['213'],['t'],False,1,True,True,.min9_0.min7,48,"['55', '670']",2,['t'],2
2min_5maj_5maj_,51,"['109', '228', '728', '789', '842', '926']",6,['200'],['c'],False,1,True,True,.min_5.maj_5.maj,51,"['109', '228', '728', '789', '842', '926']",6,['c'],3
2maj_5maj_7maj_10maj_,48,"['150', '198', '81', '821']",4,"['100', '103', '49', '50', '82', '83', '84', '87']",['c'],False,1,True,True,.maj_7.maj_10.maj_2.maj_5.maj_7.maj_10.maj_2.maj,40,"['150', '81', '821']",3,['c'],8
2maj_5maj_7maj_10maj_,48,"['150', '198', '81', '821']",4,"['100', '103', '49', '50', '82', '83', '84', '87']",['c'],False,1,True,True,.maj_10.maj_2.maj_5.maj_7.maj_10.maj_2.maj,0,"['150', '81', '821']",3,['c'],7
2maj_5maj_7maj_10maj_,48,"['150', '198', '81', '821']",4,"['100', '103', '49', '50', '82', '83', '84', '87']",['c'],False,1,True,True,.maj_2.maj_5.maj_7.maj_10.maj_2.maj_5.maj,0,['198'],1,['c'],7
2maj_5maj_7maj_10maj_,48,"['150', '198', '81', '821']",4,"['100', '103', '49', '50', '82', '83', '84', '87']",['c'],False,1,True,True,.maj_2.maj_5.maj_7.maj_10.maj_2.maj,0,"['150', '81', '821']",3,['c'],6
2maj_5maj_7maj_10maj_,48,"['150', '198', '81', '821']",4,"['100', '103', '49', '50', '82', '83', '84', '87']",['c'],False,1,True,True,.maj_5.maj_7.maj_10.maj_2.maj_5.maj,0,['198'],1,['c'],6
2maj_5maj_7maj_10maj_,48,"['150', '198', '81', '821']",4,"['100', '103', '49', '50', '82', '83', '84', '87']",['c'],False,1,True,True,.maj_7.maj_10.maj_2.maj_5.maj,6,['198'],1,['c'],5
2maj_5maj_7maj_10maj_,48,"['150', '198', '81', '821']",4,"['100', '103', '49', '50', '82', '83', '84', '87']",['c'],False,1,True,True,.maj_5.maj_7.maj_10.maj_2.maj,0,"['150', '81', '821']",3,['c'],5
2maj_5maj_7maj_10maj_,48,"['150', '198', '81', '821']",4,"['100', '103', '49', '50', '82', '83', '84', '87']",['c'],False,1,True,True,.maj_7.maj_10.maj_2.maj,2,"['150', '81', '821']",3,['c'],4
57_77_,27,"['1149', '115', '1168', '1193', '391', '510', '890']",7,['13'],['v'],False,1,True,True,.7_5.7_7.7_5.7_7.7,27,"['1149', '115', '1168', '1193', '391', '510', '890']",7,['v'],5
2maj_2min_8maj_,64,"['1073', '1279', '155', '281', '33', '334', '599', '898']",8,"['143', '168', '193', '194', '195', '196', '205', '43', '44', '45', '94', '95', '96']","['c', 'v']",False,1,True,True,.min_8.maj_2.maj_2.min_8.maj_2.maj_2.min_8.maj_2.maj_2.min_8.maj_2.maj,33,"['1073', '1279', '334', '599', '898']",5,['c'],12
2maj_2min_8maj_,64,"['1073', '1279', '155', '281', '33', '334', '599', '898']",8,"['143', '168', '193', '194', '195', '196', '205', '43', '44', '45', '94', '95', '96']","['c', 'v']",False,1,True,True,.maj_2.maj_2.min_8.maj_2.maj_2.min_8.maj_2.maj_2.min_8.maj_2.maj,2,"['1073', '1279', '334', '599', '898']",5,['c'],11
2maj_2min_8maj_,64,"['1073', '1279', '155', '281', '33', '334', '599', '898']",8,"['143', '168', '193', '194', '195', '196', '205', '43', '44', '45', '94', '95', '96']","['c', 'v']",False,1,True,True,.maj_2.min_8.maj_2.maj_2.min_8.maj_2.maj_2.min_8.maj_2.maj,3,"['1073', '1279', '334', '599', '898']",5,['c'],10
2maj_2min_8maj_,64,"['1073', '1279', '155', '281', '33', '334', '599', '898']",8,"['143', '168', '193', '194', '195', '196', '205', '43', '44', '45', '94', '95', '96']","['c', 'v']",False,1,True,True,.min_8.maj_2.maj_2.min_8.maj_2.maj_2.min_8.maj_2.maj,1,"['1073', '1279', '334', '599', '898']",5,['c'],9
2maj_2min_8maj_,64,"['1073', '1279', '155', '281', '33', '334', '599', '898']",8,"['143', '168', '193', '194', '195', '196', '205', '43', '44', '45', '94', '95', '96']","['c', 'v']",False,1,True,True,.maj_2.maj_2.min_8.maj_2.maj_2.min_8.maj_2.maj,5,"['1073', '1279', '334', '599', '898']",5,['c'],8
2maj_2min_8maj_,64,"['1073', '1279', '155', '281', '33', '334', '599', '898']",8,"['143', '168', '193', '194', '195', '196', '205', '43', '44', '45', '94', '95', '96']","['c', 'v']",False,1,True,True,.maj_2.min_8.maj_2.maj_2.min_8.maj_2.maj,0,"['1073', '1279', '334', '599', '898']",5,['c'],7
2maj_2min_8maj_,64,"['1073', '1279', '155', '281', '33', '334', '599', '898']",8,"['143', '168', '193', '194', '195', '196', '205', '43', '44', '45', '94', '95', '96']","['c', 'v']",False,1,True,True,.min_8.maj_2.maj_2.min_8.maj_2.maj,11,"['1073', '1279', '155', '281', '334', '599', '898']",7,"['c', 'v']",6
2maj_2min_8maj_,64,"['1073', '1279', '155', '281', '33', '334', '599', '898']",8,"['143', '168', '193', '194', '195', '196', '205', '43', '44', '45', '94', '95', '96']","['c', 'v']",False,1,True,True,.min_8.maj_2.maj_2.min_8.maj_2.maj,11,"['1073', '1279', '155', '281', '334', '599', '898']",7,"['c', 'v']",6
2maj_2min_8maj_,64,"['1073', '1279', '155', '281', '33', '334', '599', '898']",8,"['143', '168', '193', '194', '195', '196', '205', '43', '44', '45', '94', '95', '96']","['c', 'v']",False,1,True,True,.maj_2.maj_2.min_8.maj_2.maj,5,"['1073', '1279', '155', '281', '334', '599', '898']",7,"['c', 'v']",5
2maj_2min_8maj_,64,"['1073', '1279', '155', '281', '33', '334', '599', '898']",8,"['143', '168', '193', '194', '195', '196', '205', '43', '44', '45', '94', '95', '96']","['c', 'v']",False,1,True,True,.maj_2.maj_2.min_8.maj_2.maj,5,"['1073', '1279', '155', '281', '334', '599', '898']",7,"['c', 'v']",5
2maj_2min_8maj_,64,"['1073', '1279', '155', '281', '33', '334', '599', '898']",8,"['143', '168', '193', '194', '195', '196', '205', '43', '44', '45', '94', '95', '96']","['c', 'v']",False,1,True,True,.maj_2.min_8.maj_2.maj,0,"['1073', '1279', '155', '281', '334', '599', '898']",7,"['c', 'v']",4
2maj_2min_8maj_,64,"['1073', '1279', '155', '281', '33', '334', '599', '898']",8,"['143', '168', '193', '194', '195', '196', '205', '43', '44', '45', '94', '95', '96']","['c', 'v']",False,1,True,True,.maj_2.min_8.maj_2.maj,0,"['1073', '1279', '155', '281', '334', '599', '898']",7,"['c', 'v']",4
2maj_2min_8maj_,64,"['1073', '1279', '155', '281', '33', '334', '599', '898']",8,"['143', '168', '193', '194', '195', '196', '205', '43', '44', '45', '94', '95', '96']","['c', 'v']",False,1,True,True,.min_8.maj_2.maj_2.min,4,['33'],1,['c'],4
0maj_5maj7_7maj_,14,['390'],1,['189'],['c'],False,1,True,True,.maj7_7.maj_0.maj,14,['390'],1,['c'],3
0maj_10maj_7maj_7maj_,12,['621'],1,"['131', '163', '164', '179', '180', '184', '185']",['v'],False,1,True,True,.maj_10.maj_7.maj_7.maj_0.maj_10.maj_7.maj_7.maj_0.maj_10.maj_7.maj_7.maj_0.maj_10.maj_7.maj_7.maj_0.maj_10.maj_7.maj,12,['621'],1,['v'],19
0maj_10maj_7maj_7maj_,12,['621'],1,"['131', '163', '164', '179', '180', '184', '185']",['v'],False,1,True,True,.maj_7.maj_7.maj_0.maj_10.maj_7.maj_7.maj_0.maj_10.maj_7.maj_7.maj_0.maj_10.maj_7.maj_7.maj_0.maj_10.maj_7.maj,0,['621'],1,['v'],18
0maj_10maj_7maj_7maj_,12,['621'],1,"['131', '163', '164', '179', '180', '184', '185']",['v'],False,1,True,True,.maj_7.maj_0.maj_10.maj_7.maj_7.maj_0.maj_10.maj_7.maj_7.maj_0.maj_10.maj_7.maj_7.maj_0.maj_10.maj_7.maj,0,['621'],1,['v'],17
0maj_10maj_7maj_7maj_,12,['621'],1,"['131', '163', '164', '179', '180', '184', '185']",['v'],False,1,True,True,.maj_0.maj_10.maj_7.maj_7.maj_0.maj_10.maj_7.maj_7.maj_0.maj_10.maj_7.maj_7.maj_0.maj_10.maj_7.maj,0,['621'],1,['v'],16
0maj_10maj_7maj_7maj_,12,['621'],1,"['131', '163', '164', '179', '180', '184', '185']",['v'],False,1,True,True,.maj_10.maj_7.maj_7.maj_0.maj_10.maj_7.maj_7.maj_0.maj_10.maj_7.maj_7.maj_0.maj_10.maj_7.maj,0,['621'],1,['v'],15
0maj_10maj_7maj_7maj_,12,['621'],1,"['131', '163', '164', '179', '180', '184', '185']",['v'],False,1,True,True,.maj_7.maj_7.maj_0.maj_10.maj_7.maj_7.maj_0.maj_10.maj_7.maj_7.maj_0.maj_10.maj_7.maj,0,['621'],1,['v'],14
0maj_10maj_7maj_7maj_,12,['621'],1,"['131', '163', '164', '179', '180', '184', '185']",['v'],False,1,True,True,.maj_7.maj_0.maj_10.maj_7.maj_7.maj_0.maj_10.maj_7.maj_7.maj_0.maj_10.maj_7.maj,0,['621'],1,['v'],13
3maj_7maj_4min7_10min7_,26,['341'],1,['56'],['c'],False,1,True,True,.maj_4.min7_10.min7_3.maj,26,['341'],1,['c'],4
77_77_107_,45,"['1125', '1134', '115', '1193', '214', '314', '425', '510', '792']",9,['19'],['v'],False,1,True,True,.7_7.7_7.7_10.7_7.7,45,"['1125', '1134', '115', '1193', '214', '314', '425', '510', '792']",9,['v'],5
2maj_10maj_,63,"['1051', '1281', '223', '415', '448', '480', '53', '561', '572', '582', '617', '834', '841', '844']",14,"['128', '142', '165', '167', '22', '23', '28', '29', '38']","['b', 'c', 'v']",False,1,True,True,.maj_10.maj_2.maj_10.maj_2.maj_10.maj_2.maj_10.maj_2.maj_10.maj_2.maj_10.maj,25,"['415', '448']",2,['v'],12
2maj_10maj_,63,"['1051', '1281', '223', '415', '448', '480', '53', '561', '572', '582', '617', '834', '841', '844']",14,"['128', '142', '165', '167', '22', '23', '28', '29', '38']","['b', 'c', 'v']",False,1,True,True,.maj_2.maj_10.maj_2.maj_10.maj_2.maj_10.maj_2.maj_10.maj_2.maj_10.maj,2,"['415', '448']",2,['v'],11
2maj_10maj_,63,"['1051', '1281', '223', '415', '448', '480', '53', '561', '572', '582', '617', '834', '841', '844']",14,"['128', '142', '165', '167', '22', '23', '28', '29', '38']","['b', 'c', 'v']",False,1,True,True,.maj_10.maj_2.maj_10.maj_2.maj_10.maj_2.maj_10.maj_2.maj,5,"['223', '582']",2,['c'],9
2maj_10maj_,63,"['1051', '1281', '223', '415', '448', '480', '53', '561', '572', '582', '617', '834', '841', '844']",14,"['128', '142', '165', '167', '22', '23', '28', '29', '38']","['b', 'c', 'v']",False,1,True,True,.maj_2.maj_10.maj_2.maj_10.maj_2.maj_10.maj_2.maj,8,"['223', '480', '582', '844']",4,['c'],8
2maj_10maj_,63,"['1051', '1281', '223', '415', '448', '480', '53', '561', '572', '582', '617', '834', '841', '844']",14,"['128', '142', '165', '167', '22', '23', '28', '29', '38']","['b', 'c', 'v']",False,1,True,True,.maj_10.maj_2.maj_10.maj_2.maj_10.maj_2.maj,14,"['223', '480', '582', '841', '844']",5,['c'],7
2maj_10maj_,63,"['1051', '1281', '223', '415', '448', '480', '53', '561', '572', '582', '617', '834', '841', '844']",14,"['128', '142', '165', '167', '22', '23', '28', '29', '38']","['b', 'c', 'v']",False,1,True,True,.maj_2.maj_10.maj_2.maj_10.maj_2.maj_10.maj,0,"['53', '834']",2,['v'],7
2maj_10maj_,63,"['1051', '1281', '223', '415', '448', '480', '53', '561', '572', '582', '617', '834', '841', '844']",14,"['128', '142', '165', '167', '22', '23', '28', '29', '38']","['b', 'c', 'v']",False,1,True,True,.maj_10.maj_2.maj_10.maj_2.maj_10.maj,2,"['53', '834']",2,['v'],6
2maj_10maj_,63,"['1051', '1281', '223', '415', '448', '480', '53', '561', '572', '582', '617', '834', '841', '844']",14,"['128', '142', '165', '167', '22', '23', '28', '29', '38']","['b', 'c', 'v']",False,1,True,True,.maj_2.maj_10.maj_2.maj_10.maj_2.maj,4,"['1051', '1281', '561', '572', '617']",5,['b'],6
2maj_10maj_,63,"['1051', '1281', '223', '415', '448', '480', '53', '561', '572', '582', '617', '834', '841', '844']",14,"['128', '142', '165', '167', '22', '23', '28', '29', '38']","['b', 'c', 'v']",False,1,True,True,.maj_10.maj_2.maj_10.maj_2.maj,3,"['1051', '1281', '561', '572', '617']",5,['b'],5
2min_10maj_,12,"['542', '608', '629']",3,"['197', '198', '51']",['c'],False,1,True,True,.min_10.maj_2.min_10.maj_2.min_10.maj_2.min_10.maj_2.min_10.maj,8,"['608', '629']",2,['c'],10
2min_10maj_,12,"['542', '608', '629']",3,"['197', '198', '51']",['c'],False,1,True,True,.maj_2.min_10.maj_2.min_10.maj_2.min_10.maj_2.min_10.maj,1,"['542', '608', '629']",3,['c'],9
2min_10maj_,12,"['542', '608', '629']",3,"['197', '198', '51']",['c'],False,1,True,True,.min_10.maj_2.min_10.maj_2.min_10.maj_2.min_10.maj,3,"['542', '608', '629']",3,['c'],8
0maj_0maj_,22,"['1043', '689']",2,"['132', '166']",['v'],False,1,True,True,.maj_0.maj_0.maj_0.maj_0.maj_0.maj,19,"['1043', '689']",2,['v'],6
0maj_0maj_,22,"['1043', '689']",2,"['132', '166']",['v'],False,1,True,True,.maj_0.maj_0.maj_0.maj_0.maj,3,"['1043', '689']",2,['v'],5
27_10maj7_7maj_7maj_10maj_7maj_9min7_8maj7_,12,['705'],1,['77'],['c'],False,1,True,True,.maj_7.maj_9.min7_8.maj7_2.7_10.maj7_7.maj_7.maj,12,['705'],1,['c'],8
7maj_7maj_10maj7_,12,['705'],1,['190'],['c'],False,1,True,True,.maj7_7.maj_7.maj,12,['705'],1,['c'],3
0maj_0maj(9)_,23,"['670', '734']",2,"['130', '21']",['v'],False,1,True,True,.maj_0.maj(9)_0.maj_0.maj(9),23,"['670', '734']",2,['v'],4
0maj_0maj(9)_,23,"['670', '734']",2,"['130', '21']",['v'],False,1,True,True,.maj(9)_0.maj_0.maj(9),0,"['670', '734']",2,['v'],3
27_10maj7_7maj_7maj_2min7_8maj7_,12,['705'],1,['212'],['c'],False,1,True,True,.min7_8.maj7_2.7_10.maj7_7.maj_7.maj,12,['705'],1,['c'],6
2maj_5maj_9min_8maj_,112,"['1063', '1094', '112', '119', '1210', '1228', '1270', '145', '157', '253', '371', '434', '511', '54', '568', '571', '587', '620', '623', '637', '749', '964', '992']",23,"['116', '124', '141', '147', '192', '201', '204', '25', '41', '58']","['c', 'i', 'v']",False,1,True,True,.maj_9.min_8.maj_2.maj_5.maj_9.min_8.maj_2.maj,56,"['119', '1228', '145', '253', '54', '568', '571', '620']",8,"['c', 'v']",8
2maj_5maj_9min_8maj_,112,"['1063', '1094', '112', '119', '1210', '1228', '1270', '145', '157', '253', '371', '434', '511', '54', '568', '571', '587', '620', '623', '637', '749', '964', '992']",23,"['116', '124', '141', '147', '192', '201', '204', '25', '41', '58']","['c', 'i', 'v']",False,1,True,True,.maj_9.min_8.maj_2.maj_5.maj_9.min_8.maj_2.maj,56,"['119', '1228', '145', '253', '54', '568', '571', '620']",8,"['c', 'v']",8
2maj_5maj_9min_8maj_,112,"['1063', '1094', '112', '119', '1210', '1228', '1270', '145', '157', '253', '371', '434', '511', '54', '568', '571', '587', '620', '623', '637', '749', '964', '992']",23,"['116', '124', '141', '147', '192', '201', '204', '25', '41', '58']","['c', 'i', 'v']",False,1,True,True,.min_8.maj_2.maj_5.maj_9.min_8.maj_2.maj,4,"['119', '1228', '1270', '145', '253', '54', '568', '571', '620']",9,"['c', 'v']",7
2maj_5maj_9min_8maj_,112,"['1063', '1094', '112', '119', '1210', '1228', '1270', '145', '157', '253', '371', '434', '511', '54', '568', '571', '587', '620', '623', '637', '749', '964', '992']",23,"['116', '124', '141', '147', '192', '201', '204', '25', '41', '58']","['c', 'i', 'v']",False,1,True,True,.min_8.maj_2.maj_5.maj_9.min_8.maj_2.maj,4,"['119', '1228', '1270', '145', '253', '54', '568', '571', '620']",9,"['c', 'v']",7
2maj_5maj_9min_8maj_,112,"['1063', '1094', '112', '119', '1210', '1228', '1270', '145', '157', '253', '371', '434', '511', '54', '568', '571', '587', '620', '623', '637', '749', '964', '992']",23,"['116', '124', '141', '147', '192', '201', '204', '25', '41', '58']","['c', 'i', 'v']",False,1,True,True,.maj_2.maj_5.maj_9.min_8.maj_2.maj,3,"['119', '1228', '1270', '145', '253', '511', '54', '568', '571', '620', '992']",11,"['c', 'v']",6
2maj_5maj_9min_8maj_,112,"['1063', '1094', '112', '119', '1210', '1228', '1270', '145', '157', '253', '371', '434', '511', '54', '568', '571', '587', '620', '623', '637', '749', '964', '992']",23,"['116', '124', '141', '147', '192', '201', '204', '25', '41', '58']","['c', 'i', 'v']",False,1,True,True,.maj_2.maj_5.maj_9.min_8.maj_2.maj,3,"['119', '1228', '1270', '145', '253', '511', '54', '568', '571', '620', '992']",11,"['c', 'v']",6
2maj_5maj_9min_8maj_,112,"['1063', '1094', '112', '119', '1210', '1228', '1270', '145', '157', '253', '371', '434', '511', '54', '568', '571', '587', '620', '623', '637', '749', '964', '992']",23,"['116', '124', '141', '147', '192', '201', '204', '25', '41', '58']","['c', 'i', 'v']",False,1,True,True,.maj_5.maj_9.min_8.maj_2.maj,9,"['119', '1228', '1270', '145', '157', '253', '511', '54', '568', '571', '587', '620', '992']",13,"['c', 'v']",5
2maj_5maj_9min_8maj_,112,"['1063', '1094', '112', '119', '1210', '1228', '1270', '145', '157', '253', '371', '434', '511', '54', '568', '571', '587', '620', '623', '637', '749', '964', '992']",23,"['116', '124', '141', '147', '192', '201', '204', '25', '41', '58']","['c', 'i', 'v']",False,1,True,True,.maj_5.maj_9.min_8.maj_2.maj,9,"['119', '1228', '1270', '145', '157', '253', '511', '54', '568', '571', '587', '620', '992']",13,"['c', 'v']",5
2maj_5maj_9min_8maj_,112,"['1063', '1094', '112', '119', '1210', '1228', '1270', '145', '157', '253', '371', '434', '511', '54', '568', '571', '587', '620', '623', '637', '749', '964', '992']",23,"['116', '124', '141', '147', '192', '201', '204', '25', '41', '58']","['c', 'i', 'v']",False,1,True,True,.maj_9.min_8.maj_2.maj,35,"['1063', '112', '1210', '145', '157', '253', '371', '434', '54', '623', '964']",11,['i'],4
2maj_5maj_9min_8maj_,112,"['1063', '1094', '112', '119', '1210', '1228', '1270', '145', '157', '253', '371', '434', '511', '54', '568', '571', '587', '620', '623', '637', '749', '964', '992']",23,"['116', '124', '141', '147', '192', '201', '204', '25', '41', '58']","['c', 'i', 'v']",False,1,True,True,.min_8.maj_2.maj_5.maj,5,"['1094', '637', '749']",3,['c'],4
51_71_,11,['594'],1,"['1', '2']",['c'],False,1,True,True,.1_5.1_7.1_5.1,11,['594'],1,['c'],4
51_71_,11,['594'],1,"['1', '2']",['c'],False,1,True,True,.1_7.1_5.1,0,['594'],1,['c'],3
0maj_0maj_5maj_2maj_5maj_0maj_0maj_5maj_2maj_5maj_,16,['448'],1,['36'],['c'],False,1,True,True,.maj_0.maj_5.maj_2.maj_5.maj_0.maj_0.maj_5.maj_2.maj_5.maj,16,['448'],1,['c'],10
2sus4(b7|9)_10maj6(9)_,38,['736'],1,['186'],['u'],False,1,True,True,.maj6(9)_2.sus4(b7|9),38,['736'],1,['u'],2
77_10maj_7maj_,35,['430'],1,"['11', '12', '178', '183']",['v'],False,1,True,True,.7_10.maj_7.maj_7.7_10.maj_7.maj,35,['430'],1,['v'],6
77_10maj_7maj_,35,['430'],1,"['11', '12', '178', '183']",['v'],False,1,True,True,.maj_7.maj_7.7_10.maj_7.maj,0,['430'],1,['v'],5
77_10maj_7maj_,35,['430'],1,"['11', '12', '178', '183']",['v'],False,1,True,True,.maj_7.7_10.maj_7.maj,0,['430'],1,['v'],4
77_10maj_7maj_,35,['430'],1,"['11', '12', '178', '183']",['v'],False,1,True,True,.7_10.maj_7.maj,0,['430'],1,['v'],3
2min7_5min7_5min7_,65,"['1112', '319', '338', '631', '722', '804']",6,['211'],['c'],False,1,True,True,.min7_5.min7_5.min7,65,"['1112', '319', '338', '631', '722', '804']",6,['c'],3
0min7_2min_10maj_,30,['550'],1,['135'],['v'],False,1,True,True,.maj_0.min7_2.min,30,['550'],1,['v'],3
5maj_7min_,23,"['100', '134', '300', '917']",4,['199'],['c'],False,1,True,True,.min_5.maj_7.min_5.maj,23,"['100', '134', '300', '917']",4,['c'],4
0maj_4min_5min_3maj_,10,['128'],1,['146'],['v'],False,1,True,True,.maj_4.min_5.min_3.maj,10,['128'],1,['v'],4
3maj_7maj_5maj_4min_5min_,10,['128'],1,['169'],['v'],False,1,True,True,.maj_5.maj_4.min_5.min_3.maj,10,['128'],1,['v'],5
27_5maj_5maj_,79,"['102', '1042', '1046', '1138', '1141', '1154', '1218', '1245', '167', '463', '472', '500', '726', '914']",14,"['148', '15', '37']","['c', 'v']",False,1,True,True,.7_5.maj_5.maj_2.7_5.maj,35,"['1154', '1245', '167', '463', '500', '914']",6,['v'],5
27_5maj_5maj_,79,"['102', '1042', '1046', '1138', '1141', '1154', '1218', '1245', '167', '463', '472', '500', '726', '914']",14,"['148', '15', '37']","['c', 'v']",False,1,True,True,.maj_5.maj_2.7_5.maj,7,"['102', '1138', '1141', '1154', '1245', '167', '463', '500', '726', '914']",10,['v'],4
27_5maj_5maj_,79,"['102', '1042', '1046', '1138', '1141', '1154', '1218', '1245', '167', '463', '472', '500', '726', '914']",14,"['148', '15', '37']","['c', 'v']",False,1,True,True,.maj_2.7_5.maj,37,"['1042', '1046', '1218', '463', '472']",5,['c'],3
7maj_9min7_10maj(11)_10maj_,0,['555'],1,['27'],['c'],False,1,True,True,.maj_9.min7_10.maj(11)_10.maj,0,['555'],1,['c'],4
5maj_5maj_7maj_77_,44,"['1041', '1116', '1248', '167', '185', '386', '399', '472', '570', '696', '787', '875', '969', '993']",14,"['16', '17']",['v'],False,1,True,True,.7_5.maj_5.maj_7.maj_7.7_5.maj,22,"['1116', '167', '472', '570', '787', '875', '993']",7,['v'],6
5maj_5maj_7maj_77_,44,"['1041', '1116', '1248', '167', '185', '386', '399', '472', '570', '696', '787', '875', '969', '993']",14,"['16', '17']",['v'],False,1,True,True,.7_5.maj_5.maj_7.maj,22,"['1041', '1248', '185', '386', '399', '696', '969']",7,['v'],4
07_5maj7_0min7_7maj_,17,['240'],1,['20'],['v'],False,1,True,True,.7_5.maj7_0.min7_7.maj,17,['240'],1,['v'],4
07_5maj_7maj_77_5maj_,27,"['1006', '1041', '1046', '1116', '1194', '288', '565', '748', '875']",9,['158'],['v'],False,1,True,True,.maj_7.7_5.maj_0.7_5.maj,27,"['1006', '1041', '1046', '1116', '1194', '288', '565', '748', '875']",9,['v'],5
0maj_0sus4(b7|9)_,6,['461'],1,"['136', '137', '214', '215']",['v'],False,1,True,True,.maj_0.sus4(b7|9)_0.maj_0.sus4(b7|9)_0.maj_0.sus4(b7|9)_0.maj_0.sus4(b7|9)_0.maj_0.sus4(b7|9)_0.maj_0.sus4(b7|9)_0.maj_0.sus4(b7|9)_0.maj_0.sus4(b7|9),6,['461'],1,['v'],16
0maj_0sus4(b7|9)_,6,['461'],1,"['136', '137', '214', '215']",['v'],False,1,True,True,.sus4(b7|9)_0.maj_0.sus4(b7|9)_0.maj_0.sus4(b7|9)_0.maj_0.sus4(b7|9)_0.maj_0.sus4(b7|9)_0.maj_0.sus4(b7|9)_0.maj_0.sus4(b7|9)_0.maj_0.sus4(b7|9),0,['461'],1,['v'],15
0maj_0sus4(b7|9)_,6,['461'],1,"['136', '137', '214', '215']",['v'],False,1,True,True,.maj_0.sus4(b7|9)_0.maj_0.sus4(b7|9)_0.maj_0.sus4(b7|9)_0.maj_0.sus4(b7|9)_0.maj_0.sus4(b7|9)_0.maj_0.sus4(b7|9)_0.maj_0.sus4(b7|9),0,['461'],1,['v'],14
0maj_0sus4(b7|9)_,6,['461'],1,"['136', '137', '214', '215']",['v'],False,1,True,True,.sus4(b7|9)_0.maj_0.sus4(b7|9)_0.maj_0.sus4(b7|9)_0.maj_0.sus4(b7|9)_0.maj_0.sus4(b7|9)_0.maj_0.sus4(b7|9)_0.maj_0.sus4(b7|9),0,['461'],1,['v'],13
57_77_77_107_77_,33,"['1125', '1134', '115', '1193', '214', '314', '425', '510', '792']",9,['14'],['v'],False,1,True,True,.7_5.7_7.7_7.7_10.7_7.7,33,"['1125', '1134', '115', '1193', '214', '314', '425', '510', '792']",9,['v'],6
57_7min7_,21,"['490', '691', '834']",3,"['210', '9']",['c'],False,1,True,True,.min7_5.7_7.min7_5.7,21,"['490', '691', '834']",3,['c'],4
57_7min7_,21,"['490', '691', '834']",3,"['210', '9']",['c'],False,1,True,True,.7_7.min7_5.7,0,"['490', '691', '834']",3,['c'],3
2maj_3maj_7maj_,21,"['114', '1246', '370', '567']",4,['55'],['c'],False,1,True,True,.maj_3.maj_7.maj_2.maj,21,"['114', '1246', '370', '567']",4,['c'],4
1maj_4min_7min7_,26,['227'],1,['203'],['t'],False,1,True,True,.min_7.min7_1.maj,26,['227'],1,['t'],3
0maj_0maj_0maj_5maj_2maj_5maj_,16,['448'],1,['88'],['c'],False,1,True,True,.maj_0.maj_0.maj_5.maj_2.maj_5.maj,16,['448'],1,['c'],6
07_5maj_27_5maj_,46,"['1006', '1041', '1046', '1116', '1194', '235', '288', '346', '429', '565', '731', '748', '875']",13,['18'],['v'],False,1,True,True,.7_5.maj_0.7_5.maj,46,"['1006', '1041', '1046', '1116', '1194', '235', '288', '346', '429', '565', '731', '748', '875']",13,['v'],4
21_21_81_,10,"['352', '913']",2,"['3', '4', '5', '6']",['v'],False,1,True,True,.1_8.1_2.1_2.1_8.1_2.1,10,"['352', '913']",2,['v'],6
21_21_81_,10,"['352', '913']",2,"['3', '4', '5', '6']",['v'],False,1,True,True,.1_2.1_2.1_8.1_2.1,0,"['352', '913']",2,['v'],5
21_21_81_,10,"['352', '913']",2,"['3', '4', '5', '6']",['v'],False,1,True,True,.1_2.1_8.1_2.1,0,"['352', '913']",2,['v'],4
21_21_81_,10,"['352', '913']",2,"['3', '4', '5', '6']",['v'],False,1,True,True,.1_8.1_2.1,0,"['352', '913']",2,['v'],3
3maj_9min(11)_,24,"['415', '920']",2,"['191', '24']",['c'],False,1,True,True,.maj_9.min(11)_3.maj_9.min(11),24,"['415', '920']",2,['c'],4
3maj_9min(11)_,24,"['415', '920']",2,"['191', '24']",['c'],False,1,True,True,.min(11)_3.maj_9.min(11),0,"['415', '920']",2,['c'],3
0maj_0maj_5maj_2maj_5maj_7maj_5maj_,16,['448'],1,['70'],['c'],False,1,True,True,.maj_5.maj_0.maj_0.maj_5.maj_2.maj_5.maj,16,['448'],1,['c'],7
0maj6_0maj7_,35,"['102', '153', '390', '734']",4,['187'],['v'],False,1,True,True,.maj6_0.maj7_0.maj6,35,"['102', '153', '390', '734']",4,['v'],3
0maj_5maj_7maj_,23,"['109', '1212']",2,"['157', '181', '182']",['v'],False,1,True,True,.maj_5.maj_7.maj_0.maj_5.maj_7.maj,23,"['109', '1212']",2,['v'],6
0maj_5maj_7maj_,23,"['109', '1212']",2,"['157', '181', '182']",['v'],False,1,True,True,.maj_7.maj_0.maj_5.maj_7.maj,0,"['109', '1212']",2,['v'],5
0maj_5maj_7maj_,23,"['109', '1212']",2,"['157', '181', '182']",['v'],False,1,True,True,.maj_0.maj_5.maj_7.maj,0,"['109', '1212']",2,['v'],4
2maj_2min7_8maj_,17,['352'],1,"['206', '207', '208', '39', '40', '52', '53', '54']",['c'],False,1,True,True,.maj_2.min7_8.maj_2.maj_2.min7_8.maj_2.maj_2.min7_8.maj_2.maj,8,['352'],1,['c'],10
2maj_2min7_8maj_,17,['352'],1,"['206', '207', '208', '39', '40', '52', '53', '54']",['c'],False,1,True,True,.min7_8.maj_2.maj_2.min7_8.maj_2.maj_2.min7_8.maj_2.maj,0,['352'],1,['c'],9
2maj_2min7_8maj_,17,['352'],1,"['206', '207', '208', '39', '40', '52', '53', '54']",['c'],False,1,True,True,.maj_2.maj_2.min7_8.maj_2.maj_2.min7_8.maj_2.maj,1,['352'],1,['c'],8
2maj_2min7_8maj_,17,['352'],1,"['206', '207', '208', '39', '40', '52', '53', '54']",['c'],False,1,True,True,.maj_2.min7_8.maj_2.maj_2.min7_8.maj_2.maj,0,['352'],1,['c'],7
2maj_2min7_8maj_,17,['352'],1,"['206', '207', '208', '39', '40', '52', '53', '54']",['c'],False,1,True,True,.min7_8.maj_2.maj_2.min7_8.maj_2.maj,0,['352'],1,['c'],6
2maj_2min7_8maj_,17,['352'],1,"['206', '207', '208', '39', '40', '52', '53', '54']",['c'],False,1,True,True,.maj_2.maj_2.min7_8.maj_2.maj,0,['352'],1,['c'],5
2maj_2min7_8maj_,17,['352'],1,"['206', '207', '208', '39', '40', '52', '53', '54']",['c'],False,1,True,True,.maj_2.min7_8.maj_2.maj,0,['352'],1,['c'],4
2maj_2min7_8maj_,17,['352'],1,"['206', '207', '208', '39', '40', '52', '53', '54']",['c'],False,1,True,True,.min7_8.maj_2.maj,8,['352'],1,['c'],3
7maj_7maj_10maj_,168,"['1002', '1032', '1086', '1246', '1249', '187', '206', '209', '268', '317', '406', '560', '589', '67', '675', '74', '75', '762', '810', '852', '886', '991']",22,"['110', '111', '112', '113', '122', '123', '127', '129', '160', '161', '162', '175', '176', '177', '30', '31', '32', '34', '76', '79', '80', '81']","['c', 'o', 'v']",False,1,True,True,.maj_10.maj_7.maj_7.maj_10.maj_7.maj_7.maj_10.maj_7.maj_7.maj_10.maj,67,"['317', '75']",2,['c'],11
7maj_7maj_10maj_,168,"['1002', '1032', '1086', '1246', '1249', '187', '206', '209', '268', '317', '406', '560', '589', '67', '675', '74', '75', '762', '810', '852', '886', '991']",22,"['110', '111', '112', '113', '122', '123', '127', '129', '160', '161', '162', '175', '176', '177', '30', '31', '32', '34', '76', '79', '80', '81']","['c', 'o', 'v']",False,1,True,True,.maj_7.maj_7.maj_10.maj_7.maj_7.maj_10.maj_7.maj_7.maj_10.maj_7.maj,2,"['1086', '74', '762', '886']",4,['c'],11
7maj_7maj_10maj_,168,"['1002', '1032', '1086', '1246', '1249', '187', '206', '209', '268', '317', '406', '560', '589', '67', '675', '74', '75', '762', '810', '852', '886', '991']",22,"['110', '111', '112', '113', '122', '123', '127', '129', '160', '161', '162', '175', '176', '177', '30', '31', '32', '34', '76', '79', '80', '81']","['c', 'o', 'v']",False,1,True,True,.maj_7.maj_7.maj_10.maj_7.maj_7.maj_10.maj_7.maj_7.maj_10.maj,0,"['317', '75']",2,['c'],10
7maj_7maj_10maj_,168,"['1002', '1032', '1086', '1246', '1249', '187', '206', '209', '268', '317', '406', '560', '589', '67', '675', '74', '75', '762', '810', '852', '886', '991']",22,"['110', '111', '112', '113', '122', '123', '127', '129', '160', '161', '162', '175', '176', '177', '30', '31', '32', '34', '76', '79', '80', '81']","['c', 'o', 'v']",False,1,True,True,.maj_7.maj_10.maj_7.maj_7.maj_10.maj_7.maj_7.maj_10.maj_7.maj,3,"['1086', '74', '762', '886']",4,['c'],10
7maj_7maj_10maj_,168,"['1002', '1032', '1086', '1246', '1249', '187', '206', '209', '268', '317', '406', '560', '589', '67', '675', '74', '75', '762', '810', '852', '886', '991']",22,"['110', '111', '112', '113', '122', '123', '127', '129', '160', '161', '162', '175', '176', '177', '30', '31', '32', '34', '76', '79', '80', '81']","['c', 'o', 'v']",False,1,True,True,.maj_10.maj_7.maj_7.maj_10.maj_7.maj_7.maj_10.maj_7.maj,4,"['1086', '74', '762', '886']",4,['c'],9
7maj_7maj_10maj_,168,"['1002', '1032', '1086', '1246', '1249', '187', '206', '209', '268', '317', '406', '560', '589', '67', '675', '74', '75', '762', '810', '852', '886', '991']",22,"['110', '111', '112', '113', '122', '123', '127', '129', '160', '161', '162', '175', '176', '177', '30', '31', '32', '34', '76', '79', '80', '81']","['c', 'o', 'v']",False,1,True,True,.maj_7.maj_10.maj_7.maj_7.maj_10.maj_7.maj_7.maj_10.maj,2,"['317', '75']",2,['c'],9
7maj_7maj_10maj_,168,"['1002', '1032', '1086', '1246', '1249', '187', '206', '209', '268', '317', '406', '560', '589', '67', '675', '74', '75', '762', '810', '852', '886', '991']",22,"['110', '111', '112', '113', '122', '123', '127', '129', '160', '161', '162', '175', '176', '177', '30', '31', '32', '34', '76', '79', '80', '81']","['c', 'o', 'v']",False,1,True,True,.maj_7.maj_7.maj_10.maj_7.maj_7.maj_10.maj_7.maj,5,"['1086', '406', '74', '762', '810', '886']",6,"['c', 'v']",8
7maj_7maj_10maj_,168,"['1002', '1032', '1086', '1246', '1249', '187', '206', '209', '268', '317', '406', '560', '589', '67', '675', '74', '75', '762', '810', '852', '886', '991']",22,"['110', '111', '112', '113', '122', '123', '127', '129', '160', '161', '162', '175', '176', '177', '30', '31', '32', '34', '76', '79', '80', '81']","['c', 'o', 'v']",False,1,True,True,.maj_7.maj_7.maj_10.maj_7.maj_7.maj_10.maj_7.maj,5,"['1086', '406', '74', '762', '810', '886']",6,"['c', 'v']",8
7maj_7maj_10maj_,168,"['1002', '1032', '1086', '1246', '1249', '187', '206', '209', '268', '317', '406', '560', '589', '67', '675', '74', '75', '762', '810', '852', '886', '991']",22,"['110', '111', '112', '113', '122', '123', '127', '129', '160', '161', '162', '175', '176', '177', '30', '31', '32', '34', '76', '79', '80', '81']","['c', 'o', 'v']",False,1,True,True,.maj_7.maj_10.maj_7.maj_7.maj_10.maj_7.maj,9,"['1086', '406', '74', '762', '810', '886']",6,"['c', 'v']",7
7maj_7maj_10maj_,168,"['1002', '1032', '1086', '1246', '1249', '187', '206', '209', '268', '317', '406', '560', '589', '67', '675', '74', '75', '762', '810', '852', '886', '991']",22,"['110', '111', '112', '113', '122', '123', '127', '129', '160', '161', '162', '175', '176', '177', '30', '31', '32', '34', '76', '79', '80', '81']","['c', 'o', 'v']",False,1,True,True,.maj_7.maj_10.maj_7.maj_7.maj_10.maj_7.maj,9,"['1086', '406', '74', '762', '810', '886']",6,"['c', 'v']",7
7maj_7maj_10maj_,168,"['1002', '1032', '1086', '1246', '1249', '187', '206', '209', '268', '317', '406', '560', '589', '67', '675', '74', '75', '762', '810', '852', '886', '991']",22,"['110', '111', '112', '113', '122', '123', '127', '129', '160', '161', '162', '175', '176', '177', '30', '31', '32', '34', '76', '79', '80', '81']","['c', 'o', 'v']",False,1,True,True,.maj_10.maj_7.maj_7.maj_10.maj_7.maj,26,"['1002', '1086', '1249', '209', '268', '406', '589', '67', '74', '762', '810', '852', '886']",13,"['c', 'v']",6
7maj_7maj_10maj_,168,"['1002', '1032', '1086', '1246', '1249', '187', '206', '209', '268', '317', '406', '560', '589', '67', '675', '74', '75', '762', '810', '852', '886', '991']",22,"['110', '111', '112', '113', '122', '123', '127', '129', '160', '161', '162', '175', '176', '177', '30', '31', '32', '34', '76', '79', '80', '81']","['c', 'o', 'v']",False,1,True,True,.maj_10.maj_7.maj_7.maj_10.maj_7.maj,26,"['1002', '1086', '1249', '209', '268', '406', '589', '67', '74', '762', '810', '852', '886']",13,"['c', 'v']",6
7maj_7maj_10maj_,168,"['1002', '1032', '1086', '1246', '1249', '187', '206', '209', '268', '317', '406', '560', '589', '67', '675', '74', '75', '762', '810', '852', '886', '991']",22,"['110', '111', '112', '113', '122', '123', '127', '129', '160', '161', '162', '175', '176', '177', '30', '31', '32', '34', '76', '79', '80', '81']","['c', 'o', 'v']",False,1,True,True,.maj_10.maj_7.maj_7.maj_10.maj_7.maj,26,"['1002', '1086', '1249', '209', '268', '406', '589', '67', '74', '762', '810', '852', '886']",13,"['c', 'v']",6
7maj_7maj_10maj_,168,"['1002', '1032', '1086', '1246', '1249', '187', '206', '209', '268', '317', '406', '560', '589', '67', '675', '74', '75', '762', '810', '852', '886', '991']",22,"['110', '111', '112', '113', '122', '123', '127', '129', '160', '161', '162', '175', '176', '177', '30', '31', '32', '34', '76', '79', '80', '81']","['c', 'o', 'v']",False,1,True,True,.maj_10.maj_7.maj_7.maj_10.maj_7.maj,26,"['1002', '1086', '1249', '209', '268', '406', '589', '67', '74', '762', '810', '852', '886']",13,"['c', 'v']",6
7maj_7maj_10maj_,168,"['1002', '1032', '1086', '1246', '1249', '187', '206', '209', '268', '317', '406', '560', '589', '67', '675', '74', '75', '762', '810', '852', '886', '991']",22,"['110', '111', '112', '113', '122', '123', '127', '129', '160', '161', '162', '175', '176', '177', '30', '31', '32', '34', '76', '79', '80', '81']","['c', 'o', 'v']",False,1,True,True,.maj_7.maj_7.maj_10.maj_7.maj,40,"['1002', '1032', '1086', '1246', '187', '206', '268', '406', '560', '589', '67', '675', '74', '762', '810', '852', '886', '991']",18,"['c', 'o', 'v']",5
7maj_7maj_10maj_,168,"['1002', '1032', '1086', '1246', '1249', '187', '206', '209', '268', '317', '406', '560', '589', '67', '675', '74', '75', '762', '810', '852', '886', '991']",22,"['110', '111', '112', '113', '122', '123', '127', '129', '160', '161', '162', '175', '176', '177', '30', '31', '32', '34', '76', '79', '80', '81']","['c', 'o', 'v']",False,1,True,True,.maj_7.maj_7.maj_10.maj_7.maj,40,"['1002', '1032', '1086', '1246', '187', '206', '268', '406', '560', '589', '67', '675', '74', '762', '810', '852', '886', '991']",18,"['c', 'o', 'v']",5
7maj_7maj_10maj_,168,"['1002', '1032', '1086', '1246', '1249', '187', '206', '209', '268', '317', '406', '560', '589', '67', '675', '74', '75', '762', '810', '852', '886', '991']",22,"['110', '111', '112', '113', '122', '123', '127', '129', '160', '161', '162', '175', '176', '177', '30', '31', '32', '34', '76', '79', '80', '81']","['c', 'o', 'v']",False,1,True,True,.maj_7.maj_7.maj_10.maj_7.maj,40,"['1002', '1032', '1086', '1246', '187', '206', '268', '406', '560', '589', '67', '675', '74', '762', '810', '852', '886', '991']",18,"['c', 'o', 'v']",5
7maj_7maj_10maj_,168,"['1002', '1032', '1086', '1246', '1249', '187', '206', '209', '268', '317', '406', '560', '589', '67', '675', '74', '75', '762', '810', '852', '886', '991']",22,"['110', '111', '112', '113', '122', '123', '127', '129', '160', '161', '162', '175', '176', '177', '30', '31', '32', '34', '76', '79', '80', '81']","['c', 'o', 'v']",False,1,True,True,.maj_7.maj_7.maj_10.maj_7.maj,40,"['1002', '1032', '1086', '1246', '187', '206', '268', '406', '560', '589', '67', '675', '74', '762', '810', '852', '886', '991']",18,"['c', 'o', 'v']",5
7maj_7maj_10maj_,168,"['1002', '1032', '1086', '1246', '1249', '187', '206', '209', '268', '317', '406', '560', '589', '67', '675', '74', '75', '762', '810', '852', '886', '991']",22,"['110', '111', '112', '113', '122', '123', '127', '129', '160', '161', '162', '175', '176', '177', '30', '31', '32', '34', '76', '79', '80', '81']","['c', 'o', 'v']",False,1,True,True,.maj_7.maj_10.maj_7.maj,10,"['1002', '1032', '1086', '1246', '187', '206', '268', '406', '560', '589', '67', '675', '74', '762', '810', '852', '886', '991']",18,"['c', 'o', 'v']",4
7maj_7maj_10maj_,168,"['1002', '1032', '1086', '1246', '1249', '187', '206', '209', '268', '317', '406', '560', '589', '67', '675', '74', '75', '762', '810', '852', '886', '991']",22,"['110', '111', '112', '113', '122', '123', '127', '129', '160', '161', '162', '175', '176', '177', '30', '31', '32', '34', '76', '79', '80', '81']","['c', 'o', 'v']",False,1,True,True,.maj_7.maj_10.maj_7.maj,10,"['1002', '1032', '1086', '1246', '187', '206', '268', '406', '560', '589', '67', '675', '74', '762', '810', '852', '886', '991']",18,"['c', 'o', 'v']",4
7maj_7maj_10maj_,168,"['1002', '1032', '1086', '1246', '1249', '187', '206', '209', '268', '317', '406', '560', '589', '67', '675', '74', '75', '762', '810', '852', '886', '991']",22,"['110', '111', '112', '113', '122', '123', '127', '129', '160', '161', '162', '175', '176', '177', '30', '31', '32', '34', '76', '79', '80', '81']","['c', 'o', 'v']",False,1,True,True,.maj_7.maj_10.maj_7.maj,10,"['1002', '1032', '1086', '1246', '187', '206', '268', '406', '560', '589', '67', '675', '74', '762', '810', '852', '886', '991']",18,"['c', 'o', 'v']",4
7maj_7maj_10maj_,168,"['1002', '1032', '1086', '1246', '1249', '187', '206', '209', '268', '317', '406', '560', '589', '67', '675', '74', '75', '762', '810', '852', '886', '991']",22,"['110', '111', '112', '113', '122', '123', '127', '129', '160', '161', '162', '175', '176', '177', '30', '31', '32', '34', '76', '79', '80', '81']","['c', 'o', 'v']",False,1,True,True,.maj_7.maj_10.maj_7.maj,10,"['1002', '1032', '1086', '1246', '187', '206', '268', '406', '560', '589', '67', '675', '74', '762', '810', '852', '886', '991']",18,"['c', 'o', 'v']",4
0maj_0maj6_0maj7_0maj6_,35,"['102', '153', '390', '734']",4,['134'],['v'],False,1,True,True,.maj_0.maj6_0.maj7_0.maj6,35,"['102', '153', '390', '734']",4,['v'],4
4min7_10maj(11)_10maj_,13,['555'],1,['209'],['c'],False,1,True,True,.min7_10.maj(11)_10.maj,13,['555'],1,['c'],3
0maj_0maj_5maj_2maj_5maj_5maj_2maj_5maj_,16,['448'],1,"['86', '93']",['c'],False,1,True,True,.maj_5.maj_2.maj_5.maj_0.maj_0.maj_5.maj_2.maj_5.maj,16,['448'],1,['c'],9
0maj_0maj_5maj_2maj_5maj_5maj_2maj_5maj_,16,['448'],1,"['86', '93']",['c'],False,1,True,True,.maj_2.maj_5.maj_0.maj_0.maj_5.maj_2.maj_5.maj,0,['448'],1,['c'],8
0maj_5maj_2maj_5maj_,50,"['385', '448', '467']",3,"['35', '69', '72', '89', '92']",['c'],False,1,True,True,.maj_5.maj_2.maj_5.maj_0.maj_5.maj_2.maj_5.maj,18,"['385', '467']",2,['c'],8
0maj_5maj_2maj_5maj_,50,"['385', '448', '467']",3,"['35', '69', '72', '89', '92']",['c'],False,1,True,True,.maj_2.maj_5.maj_0.maj_5.maj_2.maj_5.maj,0,"['385', '467']",2,['c'],7
0maj_5maj_2maj_5maj_,50,"['385', '448', '467']",3,"['35', '69', '72', '89', '92']",['c'],False,1,True,True,.maj_5.maj_0.maj_5.maj_2.maj_5.maj,2,"['385', '467']",2,['c'],6
0maj_5maj_2maj_5maj_,50,"['385', '448', '467']",3,"['35', '69', '72', '89', '92']",['c'],False,1,True,True,.maj_0.maj_5.maj_2.maj_5.maj,30,"['385', '467']",2,['c'],5
0maj_5maj_2maj_5maj_,50,"['385', '448', '467']",3,"['35', '69', '72', '89', '92']",['c'],False,1,True,True,.maj_0.maj_5.maj_2.maj,0,['448'],1,['c'],4
57_57_77_77_,54,"['1024', '1193', '1247', '289', '383', '455', '672', '792']",8,['10'],['l'],False,1,True,True,.7_5.7_7.7_7.7,54,"['1024', '1193', '1247', '289', '383', '455', '672', '792']",8,['l'],4
27_10maj7_7maj_7maj_5maj_9min7_8maj7_,12,['705'],1,['85'],['c'],False,1,True,True,.maj_9.min7_8.maj7_2.7_10.maj7_7.maj_7.maj,12,['705'],1,['c'],7
0maj_5maj_4min_5min_3maj_7maj_,10,['128'],1,['133'],['v'],False,1,True,True,.maj_0.maj_5.maj_4.min_5.min_3.maj,10,['128'],1,['v'],6
Total Loops:,10,Total Licks Count:,3345
