Abstract Loop,keyMode,triadMode,formMode,beatMode,Loop Total,Loop Total Songs,Loop Song IDs,Loop ProgIDs,Loop Forms,Abstract Lick,Lick Total,Lick Total Songs,Lick Song IDs,Lick Forms,Lick Length
0maj_9min7_5min7_5min7_5sus_,False,7,False,False,16,2, 1112 338, 53, c d i s v,.maj_9.min7_5.min7_5.min7_5.sus,16,2, 1112 338, c d i s v,5
2maj_2min_10maj_10maj_,False,7,False,False,16,6, 1171 134 478 608 633 847, 59, b c d i l o t,.maj_10.maj_2.maj_2.min_10.maj_10.maj_2.maj,16,6, 1171 134 478 608 633 847, b c d i l o t,7
2maj_5maj_5maj_2maj_10maj_2maj_10maj_,False,7,False,False,18,6, 43 572 83 834 891 979, 169, b c l p u v,.maj_5.maj_2.maj_10.maj_2.maj_10.maj_2.maj,18,6, 43 572 83 834 891 979, b c l p u v,7
5maj_5maj_7maj_7maj_10maj_7maj_7maj_,False,7,False,False,12,7, 1135 1208 1228 484 545 886 889, 135, c p t v,.maj_5.maj_5.maj_7.maj_7.maj_10.maj_7.maj,12,7, 1135 1208 1228 484 545 886 889, c p t v,7
07_5maj_2maj_5maj_,False,7,False,False,22,13, 1040 199 224 235 280 290 355 443 587 601 788 793 847, 106, b c cb i lb lv s uv v vb vc,.maj_2.maj_5.maj_0.7_5.maj,22,13, 1040 199 224 235 280 290 355 443 587 601 788 793 847, b c cb i lb lv s uv v vb vc,5
5maj_5maj_7maj_5maj_7maj_5maj_7maj_7maj_,False,7,False,False,29,21, 1063 1071 1100 1117 1135 1208 21 351 41 417 468 477 50 559 591 610 619 678 845 889 991, 133 189, b c d l o p u v vo,.maj_7.maj_5.maj_5.maj_7.maj_5.maj_7.maj_5.maj_7.maj,13,12, 1063 1100 1117 1135 21 468 559 591 619 678 845 889, b c o u v vo,9
5maj_5maj_7maj_5maj_7maj_5maj_7maj_7maj_,False,7,False,False,29,21, 1063 1071 1100 1117 1135 1208 21 351 41 417 468 477 50 559 591 610 619 678 845 889 991, 133 189, b c d l o p u v vo,.maj_5.maj_5.maj_7.maj_5.maj_7.maj_5.maj_7.maj,16,11, 1071 1208 351 41 417 477 50 610 845 889 991, b c d l o p u v vo,8
0maj_10maj_7maj_7sus_,False,7,False,False,12,4, 1085 1146 268 803, 227, c i p v,.maj_7.sus_0.maj_10.maj_7.maj,12,4, 1085 1146 268 803, c i p v,5
2maj_7maj_3maj_,False,7,False,False,27,7, 1062 1089 290 414 699 841 932, 83 84 126 127 185 186, b bc c cl co d i ic l lc o od v vc,.maj_3.maj_2.maj_7.maj_3.maj_2.maj_7.maj_3.maj_2.maj_7.maj_3.maj,7,3, 1062 1089 932, b bc c cl co d l lc o,11
2maj_7maj_3maj_,False,7,False,False,27,7, 1062 1089 290 414 699 841 932, 83 84 126 127 185 186, b bc c cl co d i ic l lc o od v vc,.maj_2.maj_7.maj_3.maj_2.maj_7.maj_3.maj_2.maj,14,3, 414 699 841, b c d i l o od,8
2maj_7maj_3maj_,False,7,False,False,27,7, 1062 1089 290 414 699 841 932, 83 84 126 127 185 186, b bc c cl co d i ic l lc o od v vc,.maj_7.maj_3.maj_2.maj_7.maj_3.maj,6,3, 1062 290 932, b bc c cl co d i ic l lc o v vc,6
7maj_7maj_10maj_,False,7,False,False,270,31, 1002 107 1086 1240 1249 1265 130 209 210 271 300 317 389 406 589 621 645 675 690 707 74 75 762 810 821 852 886 889 901 946 991, 66, b c cd cl cv d i ic iv l ld lv o p s t tv u v vc,.maj_10.maj_7.maj_7.maj_10.maj_7.maj,270,31, 1002 107 1086 1240 1249 1265 130 209 210 271 300 317 389 406 589 621 645 675 690 707 74 75 762 810 821 852 886 889 901 946 991, b c cd cl cv d i ic iv l ld lv o p s t tv u v vc,6
07_10maj_7maj_7maj_,False,7,False,False,22,8, 1039 1140 1256 1282 235 386 387 430, 71 223, b i iv o p v vc,.maj_7.maj_0.7_10.maj_7.maj,13,4, 1039 1282 235 430, i iv o p v vc,5
07_10maj_7maj_7maj_,False,7,False,False,22,8, 1039 1140 1256 1282 235 386 387 430, 71 223, b i iv o p v vc,.maj_0.7_10.maj_7.maj,9,5, 1140 1256 1282 386 387, b i iv o p v vc,4
5nc_7nc_,False,7,False,False,30,7, 105 1106 53 594 706 777 828, 285 286 288, b c d i l o s u v,.nc_5.nc_7.nc_5.nc_7.nc_5.nc,19,5, 105 1106 53 594 828, b c d i l o s u v,6
5nc_7nc_,False,7,False,False,30,7, 105 1106 53 594 706 777 828, 285 286 288, b c d i l o s u v,.nc_7.nc_5.nc_7.nc_5.nc,6,2, 594 777, b c d i l o s u v,5
5nc_7nc_,False,7,False,False,30,7, 105 1106 53 594 706 777 828, 285 286 288, b c d i l o s u v,.nc_5.nc_7.nc_5.nc,5,4, 105 1106 706 777, b c d i l o s u v,4
2maj_10maj_7maj_5maj_7maj_5maj_7maj_7maj_10maj_,False,7,False,False,14,3, 139 53 561, 57 151 195 205 222, c l v,.maj_7.maj_5.maj_7.maj_5.maj_7.maj_7.maj_10.maj_2.maj_10.maj_7.maj_5.maj_7.maj_5.maj_7.maj,9,2, 139 561, c l v,15
2maj_10maj_7maj_5maj_7maj_5maj_7maj_7maj_10maj_,False,7,False,False,14,3, 139 53 561, 57 151 195 205 222, c l v,.maj_7.maj_7.maj_10.maj_2.maj_10.maj_7.maj_5.maj_7.maj_5.maj_7.maj,1,1, 53, c l v,11
2maj_10maj_7maj_5maj_7maj_5maj_7maj_7maj_10maj_,False,7,False,False,14,3, 139 53 561, 57 151 195 205 222, c l v,.maj_10.maj_2.maj_10.maj_7.maj_5.maj_7.maj_5.maj_7.maj,4,1, 561, c l v,9
2maj_5maj_7maj_5maj_7maj_5maj_7maj_10maj_,False,7,False,False,20,6, 21 234 293 351 891 968, 104, c cu i l o v,.maj_2.maj_5.maj_7.maj_5.maj_7.maj_5.maj_7.maj,20,6, 21 234 293 351 891 968, c cu i l o v,8
5maj_7maj_10maj_7maj_7maj_,False,7,False,False,12,6, 218 259 39 53 690 71, 145, c i u v,.maj_5.maj_7.maj_10.maj_7.maj_7.maj_5.maj,12,6, 218 259 39 53 690 71, c i u v,7
0maj_77_5maj_0maj7_0maj6_,False,7,False,False,9,4, 102 1138 1208 822, 19, i l v,.7_5.maj_0.maj7_0.maj6_0.maj,9,4, 102 1138 1208 822, i l v,5
2min_5maj_7min_5maj_5maj_,False,7,False,False,21,6, 134 195 369 794 872 917, 114, c l p v,.maj_2.min_5.maj_7.min_5.maj,21,6, 134 195 369 794 872 917, c l p v,5
77_107_7maj_,False,7,False,False,17,6, 322 358 425 427 439 577, 34 179, c cd ct h l u v vt,.7_7.maj_7.7_10.7_7.maj,14,4, 322 358 439 577, c cd ct h l u,5
77_107_7maj_,False,7,False,False,17,6, 322 358 425 427 439 577, 34 179, c cd ct h l u v vt,.maj_7.7_10.7_7.maj,3,3, 322 425 427, c cd ct h l u v vt,4
1maj_2maj_2min7_7min7_,False,7,False,False,5,1, 281, 91 115 272 279, c d o t,.min7_1.maj_2.maj_2.min7_7.min7_1.maj_2.maj_2.min7_7.min7_1.maj_2.maj_2.min7_7.min7_1.maj_2.maj,4,1, 281, c d o t,15
1maj_2maj_2min7_7min7_,False,7,False,False,5,1, 281, 91 115 272 279, c d o t,.min7_7.min7_1.maj_2.maj_2.min7_7.min7_1.maj_2.maj_2.min7_7.min7_1.maj_2.maj,1,1, 281, c d o t,12
3maj_9min_,False,7,False,False,32,14, 112 1261 1270 1292 228 250 3 310 404 543 549 617 902 920, 39 40 41 42 43 247 248 249, c co d i iv o od u v,.maj_9.min_3.maj_9.min_3.maj_9.min_3.maj_9.min_3.maj_9.min_3.maj_9.min_3.maj_9.min_3.maj_9.min,9,5, 112 1270 310 404 920, c d o v,16
3maj_9min_,False,7,False,False,32,14, 112 1261 1270 1292 228 250 3 310 404 543 549 617 902 920, 39 40 41 42 43 247 248 249, c co d i iv o od u v,.maj_9.min_3.maj_9.min_3.maj_9.min_3.maj_9.min_3.maj_9.min_3.maj_9.min,1,1, 549, c co d o v,12
3maj_9min_,False,7,False,False,32,14, 112 1261 1270 1292 228 250 3 310 404 543 549 617 902 920, 39 40 41 42 43 247 248 249, c co d i iv o od u v,.maj_9.min_3.maj_9.min_3.maj_9.min_3.maj_9.min,13,7, 1292 228 250 3 310 543 617, c co d i o od v,8
3maj_9min_,False,7,False,False,32,14, 112 1261 1270 1292 228 250 3 310 404 543 549 617 902 920, 39 40 41 42 43 247 248 249, c co d i iv o od u v,.min_3.maj_9.min_3.maj_9.min_3.maj_9.min,1,1, 617, c co d i iv o od v,7
3maj_9min_,False,7,False,False,32,14, 112 1261 1270 1292 228 250 3 310 404 543 549 617 902 920, 39 40 41 42 43 247 248 249, c co d i iv o od u v,.maj_9.min_3.maj_9.min_3.maj_9.min,8,5, 112 1261 3 549 902, c co d i iv o od u v,6
5maj_10maj_9maj_,False,7,False,False,10,1, 1220, 38 68 162, i l o v,.maj_5.maj_10.maj_9.maj_5.maj_10.maj_9.maj_5.maj_10.maj,10,1, 1220, i l o v,9
5min_77_,False,7,False,False,24,10, 1147 1290 396 4 456 583 650 692 824 97, 21 22 259 260, b c i iv l o p s u v,.min_7.7_5.min_7.7_5.min_7.7_5.min,9,3, 396 4 456, b c s v,7
5min_77_,False,7,False,False,24,10, 1147 1290 396 4 456 583 650 692 824 97, 21 22 259 260, b c i iv l o p s u v,.7_5.min_7.7_5.min_7.7_5.min,3,3, 1147 4 692, b c o p s v,6
5min_77_,False,7,False,False,24,10, 1147 1290 396 4 456 583 650 692 824 97, 21 22 259 260, b c i iv l o p s u v,.7_5.min_7.7_5.min,12,7, 1290 396 583 650 692 824 97, b c i iv l o p s u v,4
2maj_5maj_5maj_7maj_5maj_7maj_5maj_,False,7,False,False,9,6, 1063 212 246 30 463 477, 149 193, c i l o to v,.maj_5.maj_7.maj_5.maj_7.maj_5.maj_2.maj_5.maj_5.maj,9,6, 1063 212 246 30 463 477, c i l o to v,9
5min_7maj_,False,7,False,False,23,8, 104 1070 1087 1147 1182 343 798 813, 172 173 261 262, c d iv l o t v vc,.maj_5.min_7.maj_5.min_7.maj_5.min_7.maj_5.min,11,5, 104 1070 1087 343 798, d l o v,8
5min_7maj_,False,7,False,False,23,8, 104 1070 1087 1147 1182 343 798 813, 172 173 261 262, c d iv l o t v vc,.maj_5.min_7.maj_5.min_7.maj_5.min,6,3, 1070 1087 798, c d l o v vc,6
5min_7maj_,False,7,False,False,23,8, 104 1070 1087 1147 1182 343 798 813, 172 173 261 262, c d iv l o t v vc,.min_7.maj_5.min_7.maj_5.min,6,4, 1147 1182 343 813, c d iv l o t v vc,5
0maj_5sus_0maj_7sus_,False,7,False,False,22,5, 1126 372 469 507 540, 292, c i l o s v,.sus_0.maj_5.sus_0.maj,22,5, 1126 372 469 507 540, c i l o s v,4
5maj_5maj7_9min7_5sus_,False,7,False,False,12,4, 1056 190 265 338, 230, cd cs ct i is sc uc v vc vo,.maj7_9.min7_5.sus_5.maj,12,4, 1056 190 265 338, cd cs ct i is sc uc v vc vo,4
5maj_5maj_7maj_7maj_5maj_7maj_5maj_7maj_,False,7,False,False,17,8, 1009 126 1281 191 23 452 559 941, 137 192, c d l o tb to tv u uv v,.maj_7.maj_5.maj_5.maj_7.maj_7.maj_5.maj_7.maj_5.maj_7.maj_5.maj,16,7, 126 1281 191 23 452 559 941, c d l o tb to tv u uv v,11
5maj_5maj_7maj_7maj_5maj_7maj_5maj_7maj_,False,7,False,False,17,8, 1009 126 1281 191 23 452 559 941, 137 192, c d l o tb to tv u uv v,.maj_5.maj_5.maj_7.maj_7.maj_5.maj_7.maj_5.maj_7.maj_5.maj,1,1, 1009, c d l o tb to tv u uv v,10
3maj_9maj_,False,7,False,False,11,3, 284 743 828, 125, c d i il l o v vd,.maj_3.maj_9.maj_3.maj_9.maj,11,3, 284 743 828, c d i il l o v vd,5
2maj_10maj_7maj_5maj_,False,7,False,False,36,8, 1119 1171 238 256 29 310 339 83, 187, b c d i l o s tb v,.maj_7.maj_5.maj_2.maj_10.maj_7.maj_5.maj,36,8, 1119 1171 238 256 29 310 339 83, b c d i l o s tb v,7
5maj_5maj_7maj_77_5maj_77_,False,7,False,False,26,11, 1107 1116 1141 1287 160 167 399 570 787 847 993, 14 202, c l lv o u v,.7_5.maj_7.7_5.maj_5.maj_7.maj_7.7,14,6, 1107 1116 1287 160 399 787, c v,7
5maj_5maj_7maj_77_5maj_77_,False,7,False,False,26,11, 1107 1116 1141 1287 160 167 399 570 787 847 993, 14 202, c l lv o u v,.maj_7.maj_7.7_5.maj_7.7_5.maj,12,7, 1116 1141 1287 167 570 847 993, c l lv o u v,6
2maj_10maj_,False,7,False,False,140,35, 1031 1051 1073 1109 1114 116 1220 1281 184 223 270 369 393 415 417 43 448 480 53 561 568 582 617 637 64 648 700 706 72 75 794 834 841 844 990, 85, b c co cu cv d i l o p r s u v vp,.maj_2.maj_10.maj_2.maj_10.maj_2.maj,140,35, 1031 1051 1073 1109 1114 116 1220 1281 184 223 270 369 393 415 417 43 448 480 53 561 568 582 617 637 64 648 700 706 72 75 794 834 841 844 990, b c co cu cv d i l o p r s u v vp,6
2maj_5maj_9min_8maj_,False,7,False,False,101,37, 1063 1094 112 1155 119 1210 1228 1248 1270 145 157 217 250 253 278 355 371 401 404 434 465 484 511 54 543 549 568 571 587 617 620 623 67 749 905 964 992, 52 105 160, b bc c cb cd cl cs ct cu cv d dv i ic iv l ld lv o od p sv u v vc vd vt vu,.maj_2.maj_5.maj_9.min_8.maj_2.maj_5.maj,65,20, 1094 119 1210 1248 1270 145 250 253 355 401 511 54 549 568 571 587 617 620 749 992, b c cb cd cs ct cv d dv i ic l ld lv o od sv u v vc vt vu,7
2maj_5maj_9min_8maj_,False,7,False,False,101,37, 1063 1094 112 1155 119 1210 1228 1248 1270 145 157 217 250 253 278 355 371 401 404 434 465 484 511 54 543 549 568 571 587 617 620 623 67 749 905 964 992, 52 105 160, b bc c cb cd cl cs ct cu cv d dv i ic iv l ld lv o od p sv u v vc vd vt vu,.maj_5.maj_9.min_8.maj_2.maj_5.maj,13,8, 1094 1210 157 217 465 484 543 587, b bc c cb cd cs ct cv d dv i ic iv l ld lv o od sv u v vc vd vt vu,6
2maj_5maj_9min_8maj_,False,7,False,False,101,37, 1063 1094 112 1155 119 1210 1228 1248 1270 145 157 217 250 253 278 355 371 401 404 434 465 484 511 54 543 549 568 571 587 617 620 623 67 749 905 964 992, 52 105 160, b bc c cb cd cl cs ct cu cv d dv i ic iv l ld lv o od p sv u v vc vd vt vu,.maj_9.min_8.maj_2.maj_5.maj,23,17, 1063 112 1155 1228 250 253 278 371 404 434 543 568 587 623 67 905 964, b bc c cb cd cl cs ct cu cv d dv i ic iv l ld lv o od p sv u v vc vd vt vu,5
5maj_7maj_7maj_10maj_7maj_7maj_10maj_7maj_,False,7,False,False,17,9, 130 162 268 50 545 67 852 886 946, 158, b c l o t v,.maj_5.maj_7.maj_7.maj_10.maj_7.maj_7.maj_10.maj_7.maj,17,9, 130 162 268 50 545 67 852 886 946, b c l o t v,9
07_5maj_27_5maj_77_5maj_,False,7,False,False,11,7, 1046 1055 1102 1194 288 399 565, 15, c ub v vb,.7_5.maj_7.7_5.maj_0.7_5.maj,11,7, 1046 1055 1102 1194 288 399 565, c ub v vb,6
1maj_2maj_2min7_7min_,False,7,False,False,20,3, 1173 258 349, 278, b i l t v,.min7_7.min_1.maj_2.maj,20,3, 1173 258 349, b i l t v,4
2maj_10maj_7maj_5maj_7maj_5maj_7maj_5maj_,False,7,False,False,13,7, 1119 215 246 29 623 807 995, 87, b c l o p v,.maj_2.maj_10.maj_7.maj_5.maj_7.maj_5.maj_7.maj,13,7, 1119 215 246 29 623 807 995, b c l o p v,8
5maj6_7maj6_,False,7,False,False,8,2, 293 585, 228 229, b d o v,.maj6_7.maj6_5.maj6_7.maj6_5.maj6,6,1, 585, d o v,5
5maj6_7maj6_,False,7,False,False,8,2, 293 585, 228 229, b d o v,.maj6_5.maj6_7.maj6_5.maj6,2,2, 293 585, b d o v,4
07_5maj_7maj_,False,7,False,False,8,3, 112 244 788, 16 73, b c cl co cv v,.maj_0.7_5.maj_7.maj_0.7_5.maj_7.maj,8,3, 112 244 788, b c cl co cv v,7
5maj_5maj_5maj_97_,False,7,False,False,14,4, 307 322 64 842, 12 37 138 139 159, c d i iv t tv v,.maj_5.maj_5.maj_9.7_5.maj_5.maj_5.maj_9.7_5.maj,6,2, 307 322, c d iv tv,9
5maj_5maj_5maj_97_,False,7,False,False,14,4, 307 322 64 842, 12 37 138 139 159, c d i iv t tv v,.maj_5.maj_9.7_5.maj_5.maj_5.maj_9.7_5.maj,1,1, 307, c d iv tv,8
5maj_5maj_5maj_97_,False,7,False,False,14,4, 307 322 64 842, 12 37 138 139 159, c d i iv t tv v,.maj_5.maj_5.maj_9.7_5.maj,7,3, 322 64 842, c d i iv t tv v,5
3maj_7maj_5maj_7maj_7maj_7maj_,False,7,False,False,11,3, 366 370 699, 124, c d v,.maj_3.maj_7.maj_5.maj_7.maj_7.maj,11,3, 366 370 699, c d v,6
3min_7maj_9maj_5min_10maj_4min_10min_,False,7,False,False,13,1, 517, 129, d l s v,.maj_4.min_10.min_3.min_7.maj_9.maj_5.min,13,1, 517, d l s v,7
0min7_2min_10maj_,False,7,False,False,9,1, 550, 77 241 273, s v,.maj_0.min7_2.min_10.maj_0.min7_2.min,9,1, 550, s v,6
5maj_7maj_5maj_7maj_7maj_10maj_7maj_,False,7,False,False,28,12, 10 1119 1177 162 187 268 560 662 707 94 965 995, 64 150 157 197 207 218, b c cr d i l o p pc s u v,.maj_5.maj_7.maj_5.maj_7.maj_7.maj_10.maj_7.maj_5.maj_7.maj_5.maj_7.maj_7.maj,10,2, 187 560, b c d l,13
5maj_7maj_5maj_7maj_7maj_10maj_7maj_,False,7,False,False,28,12, 10 1119 1177 162 187 268 560 662 707 94 965 995, 64 150 157 197 207 218, b c cr d i l o p pc s u v,.maj_7.maj_7.maj_10.maj_7.maj_5.maj_7.maj_5.maj_7.maj_7.maj,3,2, 268 707, b c cr d l p pc,10
5maj_7maj_5maj_7maj_7maj_10maj_7maj_,False,7,False,False,28,12, 10 1119 1177 162 187 268 560 662 707 94 965 995, 64 150 157 197 207 218, b c cr d i l o p pc s u v,.maj_7.maj_10.maj_7.maj_5.maj_7.maj_5.maj_7.maj,5,3, 1119 162 995, b c d i l o p s u v,8
5maj_7maj_5maj_7maj_7maj_10maj_7maj_,False,7,False,False,28,12, 10 1119 1177 162 187 268 560 662 707 94 965 995, 64 150 157 197 207 218, b c cr d i l o p pc s u v,.maj_10.maj_7.maj_5.maj_7.maj_5.maj_7.maj,10,6, 10 1177 560 662 94 965, b c d i l o p s u v,7
0maj_5maj_9min7_10sus_,False,7,False,False,13,2, 469 524, 56, c d o t,.maj_9.min7_10.sus_0.maj,13,2, 469 524, c d o t,4
2maj_3maj_7maj_,False,7,False,False,26,7, 1043 114 1246 168 370 567 727, 95 123 181 182, c d l o s v,.maj_7.maj_2.maj_3.maj_7.maj_2.maj_3.maj_7.maj,10,4, 114 1246 168 727, c d l s v,8
2maj_3maj_7maj_,False,7,False,False,26,7, 1043 114 1246 168 370 567 727, 95 123 181 182, c d l o s v,.maj_2.maj_3.maj_7.maj_2.maj_3.maj_7.maj,2,1, 727, c d l s v,7
2maj_3maj_7maj_,False,7,False,False,26,7, 1043 114 1246 168 370 567 727, 95 123 181 182, c d l o s v,.maj_3.maj_7.maj_2.maj_3.maj_7.maj,8,2, 114 370, c d l s v,6
2maj_3maj_7maj_,False,7,False,False,26,7, 1043 114 1246 168 370 567 727, 95 123 181 182, c d l o s v,.maj_7.maj_2.maj_3.maj_7.maj,6,3, 1043 567 727, c d l o s v,5
1maj_4min_7min7_,False,7,False,False,13,2, 227 385, 128, l o t v,.maj_4.min_7.min7_1.maj,13,2, 227 385, l o t v,4
2nc_2nc_8nc_,False,7,False,False,11,3, 1276 352 913, 283 284, c i t v,.nc_8.nc_2.nc_2.nc_8.nc_2.nc,11,3, 1276 352 913, c i t v,6
2min7_10maj_,False,7,False,False,25,9, 1276 150 239 307 382 481 889 94 961, 120 270, b i l lv p pc u v vp,.maj_2.min7_10.maj_2.min7_10.maj,18,7, 1276 150 239 307 481 889 94, b i l lv p pc u v vp,5
2min7_10maj_,False,7,False,False,25,9, 1276 150 239 307 382 481 889 94 961, 120 270, b i l lv p pc u v vp,.min7_10.maj_2.min7_10.maj,7,5, 150 307 382 889 961, b i l lv p pc u v vp,4
2sus_5maj_9min_8maj_,False,7,False,False,17,3, 395 698 968, 294, c d l o p t v,.sus_5.maj_9.min_8.maj,17,3, 395 698 968, c d l o p t v,4
5maj_7maj_9min_8maj_7maj_,False,7,False,False,24,8, 1153 1155 309 312 550 561 803 814, 236, c d l v,.min_8.maj_7.maj_5.maj_7.maj,24,8, 1153 1155 309 312 550 561 803 814, c d l v,5
0maj_0sus_,False,7,False,False,110,37, 1012 1048 1066 1076 1145 1188 1234 1256 1269 1276 177 182 207 231 234 241 26 265 348 421 461 469 507 512 555 651 668 670 706 711 747 770 775 859 913 944 973, 79 80 290 291, b c cv d h i ic iv l lc o p pc s u uv v vc vd,.sus_0.maj_0.sus_0.maj_0.sus_0.maj,39,10, 1234 182 421 461 469 512 651 706 770 775, b c cv d i iv l lc o u v vc vd,6
0maj_0sus_,False,7,False,False,110,37, 1012 1048 1066 1076 1145 1188 1234 1256 1269 1276 177 182 207 231 234 241 26 265 348 421 461 469 507 512 555 651 668 670 706 711 747 770 775 859 913 944 973, 79 80 290 291, b c cv d h i ic iv l lc o p pc s u uv v vc vd,.maj_0.sus_0.maj_0.sus_0.maj,17,7, 1066 207 234 461 711 913 973, b c cv d i ic iv l lc o p pc u uv v vc vd,5
0maj_0sus_,False,7,False,False,110,37, 1012 1048 1066 1076 1145 1188 1234 1256 1269 1276 177 182 207 231 234 241 26 265 348 421 461 469 507 512 555 651 668 670 706 711 747 770 775 859 913 944 973, 79 80 290 291, b c cv d h i ic iv l lc o p pc s u uv v vc vd,.sus_0.maj_0.sus_0.maj,26,13, 1012 1048 1145 177 231 348 421 461 507 512 555 651 670, b c cv d i ic iv l lc o p pc s u uv v vc vd,4
0maj_0sus_,False,7,False,False,110,37, 1012 1048 1066 1076 1145 1188 1234 1256 1269 1276 177 182 207 231 234 241 26 265 348 421 461 469 507 512 555 651 668 670 706 711 747 770 775 859 913 944 973, 79 80 290 291, b c cv d h i ic iv l lc o p pc s u uv v vc vd,.maj_0.sus_0.maj,28,14, 1076 1188 1234 1256 1269 1276 182 241 26 265 668 747 859 944, b c cv d h i ic iv l lc o p pc s u uv v vc vd,3
2min_5min_5maj_,False,7,False,False,15,4, 1234 1258 1270 978, 253, c l lc s u v,.min_5.maj_2.min_5.min_5.maj_2.min,15,4, 1234 1258 1270 978, c l lc s u v,6
5maj_5maj_7maj_5maj_7maj_7maj_,False,7,False,False,18,8, 1066 191 207 347 474 555 559 591, 154 198 210, b c ct d o s sd t u v vc vs,.maj_5.maj_7.maj_7.maj_5.maj_5.maj_7.maj_5.maj_7.maj,8,3, 1066 207 347, b c d o s u v,9
5maj_5maj_7maj_5maj_7maj_7maj_,False,7,False,False,18,8, 1066 191 207 347 474 555 559 591, 154 198 210, b c ct d o s sd t u v vc vs,.maj_7.maj_7.maj_5.maj_5.maj_7.maj_5.maj_7.maj,1,1, 474, b c d o s u v,8
5maj_5maj_7maj_5maj_7maj_7maj_,False,7,False,False,18,8, 1066 191 207 347 474 555 559 591, 154 198 210, b c ct d o s sd t u v vc vs,.maj_7.maj_5.maj_7.maj_7.maj_5.maj_5.maj_7.maj,9,6, 1066 191 347 555 559 591, c ct d o s sd t v vc vs,8
5maj_7maj_7maj_10maj_7maj_,False,7,False,False,37,18, 100 1031 1034 1039 1155 12 1276 162 179 187 246 560 67 699 707 852 948 952, 65 156 196 206 208 217 219, b bl c d i l o p s u v,.maj_7.maj_7.maj_10.maj_7.maj_5.maj_7.maj_7.maj_10.maj_7.maj,10,5, 1155 179 187 852 948, c l o v,10
5maj_7maj_7maj_10maj_7maj_,False,7,False,False,37,18, 100 1031 1034 1039 1155 12 1276 162 179 187 246 560 67 699 707 852 948 952, 65 156 196 206 208 217 219, b bl c d i l o p s u v,.maj_7.maj_10.maj_7.maj_5.maj_7.maj_7.maj_10.maj_7.maj,2,1, 952, c l o v,9
5maj_7maj_7maj_10maj_7maj_,False,7,False,False,37,18, 100 1031 1034 1039 1155 12 1276 162 179 187 246 560 67 699 707 852 948 952, 65 156 196 206 208 217 219, b bl c d i l o p s u v,.maj_10.maj_7.maj_5.maj_7.maj_7.maj_10.maj_7.maj,2,2, 12 1276, b c l o v,8
5maj_7maj_7maj_10maj_7maj_,False,7,False,False,37,18, 100 1031 1034 1039 1155 12 1276 162 179 187 246 560 67 699 707 852 948 952, 65 156 196 206 208 217 219, b bl c d i l o p s u v,.maj_5.maj_7.maj_7.maj_10.maj_7.maj_5.maj_7.maj,4,3, 1034 12 187, b c d i l o p s v,8
5maj_7maj_7maj_10maj_7maj_,False,7,False,False,37,18, 100 1031 1034 1039 1155 12 1276 162 179 187 246 560 67 699 707 852 948 952, 65 156 196 206 208 217 219, b bl c d i l o p s u v,.maj_7.maj_5.maj_7.maj_7.maj_10.maj_7.maj,6,4, 1155 246 560 699, b bl c d i l o s v,7
5maj_7maj_7maj_10maj_7maj_,False,7,False,False,37,18, 100 1031 1034 1039 1155 12 1276 162 179 187 246 560 67 699 707 852 948 952, 65 156 196 206 208 217 219, b bl c d i l o p s u v,.maj_7.maj_7.maj_10.maj_7.maj_5.maj_7.maj,8,5, 100 162 187 67 707, b c d i l o p s v,7
5maj_7maj_7maj_10maj_7maj_,False,7,False,False,37,18, 100 1031 1034 1039 1155 12 1276 162 179 187 246 560 67 699 707 852 948 952, 65 156 196 206 208 217 219, b bl c d i l o p s u v,.maj_7.maj_10.maj_7.maj_5.maj_7.maj,5,3, 1031 1039 1276, b c d i l o p s u v,6
7maj_9min_8maj_,False,7,False,False,11,2, 698 814, 49 237, l tv v,.maj_9.min_8.maj_7.maj_9.min_8.maj_7.maj_9.min,11,2, 698 814, l tv v,8
0maj_0maj6_0maj7_0maj6_,False,7,False,False,38,5, 102 153 183 390 734, 76, c d i v,.maj_0.maj6_0.maj7_0.maj6,38,5, 102 153 183 390 734, c d i v,4
0min7_5maj_7min_,False,7,False,False,29,4, 195 384 490 583, 224 275, c i o v,.min7_5.maj_7.min_0.min7_5.maj,28,3, 195 384 490, c i o v,5
0min7_5maj_7min_,False,7,False,False,29,4, 195 384 490 583, 224 275, c i o v,.maj_7.min_0.min7_5.maj,1,1, 583, c i o v,4
2min7_3maj_7maj_5maj_7maj_,False,7,False,False,18,2, 429 492, 274, c d v,.min7_3.maj_7.maj_5.maj_7.maj,18,2, 429 492, c d v,5
5maj_7maj_5maj_7maj_10maj_7maj_5maj_7maj_7maj_,False,7,False,False,24,7, 245 457 560 610 889 968 995, 199, c o u v,.maj_7.maj_5.maj_7.maj_7.maj_5.maj_7.maj_5.maj_7.maj,24,7, 245 457 560 610 889 968 995, c o u v,9
2min7_7min7_10min7_5sus_,False,7,False,False,26,3, 1076 524 708, 282, c d i l v,.min7_7.min7_10.min7_5.sus,26,3, 1076 524 708, c d i l v,4
77_77_107_,False,7,False,False,17,8, 1134 1247 289 314 425 510 640 853, 26 29, b c d h l o s v vl,.7_7.7_7.7_10.7_7.7,13,7, 1134 1247 289 314 425 510 640, b c d h l s v vl,5
77_77_107_,False,7,False,False,17,8, 1134 1247 289 314 425 510 640 853, 26 29, b c d h l o s v vl,.7_7.7_10.7_7.7,4,2, 640 853, b c d h l o s v vl,4
2min7_5sus_5maj_,False,7,False,False,10,6, 1019 338 385 49 501 77, 122, c cb cu cv i iv o vc,.maj_2.min7_5.sus_5.maj,10,6, 1019 338 385 49 501 77, c cb cu cv i iv o vc,4
5min7_7min7_,False,7,False,False,31,10, 1268 239 366 442 531 55 811 813 91 958, 276 277 280 281, b c cu d ht i iv l o p uv v vp,.min7_7.min7_5.min7_7.min7_5.min7_7.min7_5.min7,15,4, 239 531 811 958, b c d iv l p v vp,7
5min7_7min7_,False,7,False,False,31,10, 1268 239 366 442 531 55 811 813 91 958, 276 277 280 281, b c cu d ht i iv l o p uv v vp,.min7_5.min7_7.min7_5.min7_7.min7_5.min7,1,1, 811, b c d i iv l p v vp,6
5min7_7min7_,False,7,False,False,31,10, 1268 239 366 442 531 55 811 813 91 958, 276 277 280 281, b c cu d ht i iv l o p uv v vp,.min7_7.min7_5.min7_7.min7_5.min7,3,3, 1268 531 91, b c d ht i iv l o p v vp,5
5min7_7min7_,False,7,False,False,31,10, 1268 239 366 442 531 55 811 813 91 958, 276 277 280 281, b c cu d ht i iv l o p uv v vp,.min7_5.min7_7.min7_5.min7,12,6, 366 442 55 811 813 958, b c cu d ht i iv l o p uv v vp,4
57_57_77_77_,False,7,False,False,12,4, 1024 1110 853 864, 5 23, l s v,.7_7.7_5.7_5.7_7.7_7.7_5.7,11,4, 1024 1110 853 864, l s v,7
57_57_77_77_,False,7,False,False,12,4, 1024 1110 853 864, 5 23, l s v,.7_5.7_5.7_7.7_7.7_5.7,1,1, 1110, l s v,6
5maj_5maj_7maj_5maj_7maj_5maj_7maj_77_,False,7,False,False,19,12, 1063 1113 1178 1225 1248 183 244 425 477 925 964 968, 13, b c d l o od t u v,.7_5.maj_5.maj_7.maj_5.maj_7.maj_5.maj_7.maj,19,12, 1063 1113 1178 1225 1248 183 244 425 477 925 964 968, b c d l o od t u v,8
07_5maj_5maj_2maj_5maj_5maj_2maj_5maj_5maj_2maj_,False,7,False,False,9,4, 235 387 66 71, 11 72, c o v,.maj_0.7_5.maj_5.maj_2.maj_5.maj_5.maj_2.maj_5.maj_5.maj_2.maj,7,3, 235 387 66, c o v,11
07_5maj_5maj_2maj_5maj_5maj_2maj_5maj_5maj_2maj_,False,7,False,False,9,4, 235 387 66 71, 11 72, c o v,.7_5.maj_5.maj_2.maj_5.maj_5.maj_2.maj_5.maj_5.maj_2.maj,2,2, 66 71, c o v,10
5maj_7maj_77_10maj_7maj_,False,7,False,False,8,4, 1287 358 773 900, 152, b c d v,.maj_5.maj_7.maj_7.7_10.maj_7.maj,8,4, 1287 358 773 900, b c d v,6
27_5maj_77_5maj_5maj_,False,7,False,False,16,9, 1072 1154 1245 167 308 472 565 606 726, 176, c cd cv l s v,.maj_7.7_5.maj_5.maj_2.7_5.maj,16,9, 1072 1154 1245 167 308 472 565 606 726, c cd cv l s v,6
27_10maj7_7maj_7maj_10maj_7maj_9min7_8maj7_,False,7,False,False,6,1, 705, 4 55 67 213 214 216 233 234 269, c d i,.maj_7.maj_9.min7_8.maj7_2.7_10.maj7_7.maj_7.maj_10.maj_7.maj_9.min7_8.maj7_2.7_10.maj7_7.maj_7.maj,6,1, 705, c d i,16
2min_10maj_,False,7,False,False,113,24, 100 1052 1073 196 246 270 294 320 479 481 542 608 62 621 629 797 812 847 889 932 945 947 963 978, 109 243, b c cd d i ic iv l ld o od s sl t u uv v vc vd vl,.min_10.maj_2.min_10.maj_2.min_10.maj,87,17, 100 1073 294 320 481 542 608 62 621 629 797 812 847 889 945 963 978, b c cd d i ic iv l ld o od s sl t u uv v vc vl,6
2min_10maj_,False,7,False,False,113,24, 100 1052 1073 196 246 270 294 320 479 481 542 608 62 621 629 797 812 847 889 932 945 947 963 978, 109 243, b c cd d i ic iv l ld o od s sl t u uv v vc vd vl,.maj_2.min_10.maj_2.min_10.maj,26,10, 1052 196 246 270 294 320 479 542 932 947, b c cd d i ic iv l ld o od s sl t u uv v vc vd vl,5
2nc_5nc_5nc_,False,7,False,False,26,7, 1170 467 594 736 767 777 78, 287, c i lc t u v vc,.nc_5.nc_2.nc_5.nc,26,7, 1170 467 594 736 767 777 78, c i lc t u v vc,4
2maj_10maj_7maj_7maj_10maj_,False,7,False,False,18,8, 1089 1265 512 53 71 75 762 901, 58, c i o u uv v,.maj_10.maj_2.maj_10.maj_7.maj_7.maj_10.maj,18,8, 1089 1265 512 53 71 75 762 901, c i o u uv v,7
5min_7min_,False,7,False,False,19,8, 1101 1182 1269 195 25 300 478 614, 255 256 264, b bl bv c i l t v vc,.min_5.min_7.min_5.min_7.min_5.min_7.min_5.min,16,5, 1101 195 25 300 614, b bv c i l t v,8
5min_7min_,False,7,False,False,19,8, 1101 1182 1269 195 25 300 478 614, 255 256 264, b bl bv c i l t v vc,.min_7.min_5.min_7.min_5.min_7.min_5.min,1,1, 1182, b bv c i l t v,7
5min_7min_,False,7,False,False,19,8, 1101 1182 1269 195 25 300 478 614, 255 256 264, b bl bv c i l t v vc,.min_5.min_7.min_5.min_7.min_5.min,2,2, 1269 478, b bl bv c i l t v vc,6
7maj_7min7_10maj_,False,7,False,False,11,4, 1282 254 384 929, 226 271, b c cs d i s u v,.maj_7.min7_10.maj_7.maj_7.min7_10.maj_7.maj,9,4, 1282 254 384 929, b c cs d i s u v,7
7maj_7min7_10maj_,False,7,False,False,11,4, 1282 254 384 929, 226 271, b c cs d i s u v,.min7_10.maj_7.maj_7.min7_10.maj_7.maj,2,2, 254 929, b c cs d i s u v,6
5maj_5maj_7maj_77_,False,7,False,False,10,5, 1072 1107 1141 787 993, 175 201, c l v,.maj_7.maj_7.7_5.maj_5.maj_7.maj_7.7_5.maj,6,2, 1072 1141, c l v,8
5maj_5maj_7maj_77_,False,7,False,False,10,5, 1072 1107 1141 787 993, 175 201, c l v,.maj_7.7_5.maj_5.maj_7.maj_7.7_5.maj,4,3, 1107 787 993, c l v,7
77_10maj_7maj_,False,7,False,False,59,13, 1146 15 308 346 358 366 430 706 773 886 929 968 993, 180 200, b c d i l o s sc t u v,.maj_7.maj_7.7_10.maj_7.maj,52,9, 15 358 366 430 706 773 886 929 968, b c d i l o s sc t u v,5
77_10maj_7maj_,False,7,False,False,59,13, 1146 15 308 346 358 366 430 706 773 886 929 968 993, 180 200, b c d i l o s sc t u v,.maj_7.7_10.maj_7.maj,7,5, 1146 308 346 968 993, b c d i l o s sc t u v,4
2maj_2min_10maj_2min_10maj_10maj_,False,7,False,False,30,9, 1173 134 217 478 51 608 629 749 945, 90 110 242, c d l p v,.maj_2.min_10.maj_2.min_10.maj_10.maj_2.maj,15,4, 51 608 629 749, c l p v,7
2maj_2min_10maj_2min_10maj_10maj_,False,7,False,False,30,9, 1173 134 217 478 51 608 629 749 945, 90 110 242, c d l p v,.min_10.maj_2.min_10.maj_10.maj_2.maj,8,3, 1173 217 608, c d l p v,6
2maj_2min_10maj_2min_10maj_10maj_,False,7,False,False,30,9, 1173 134 217 478 51 608 629 749 945, 90 110 242, c d l p v,.maj_2.maj_2.min_10.maj_2.min_10.maj,7,3, 134 478 945, c l v,6
5min_8maj_11min_,False,7,False,False,10,2, 526 648, 70 240 257, c d i o s v,.maj_11.min_5.min_8.maj_11.min_5.min_8.maj_11.min_5.min,10,2, 526 648, c d i o s v,9
2maj_5maj_5maj_7maj_5maj_7maj_5maj_7maj_5maj_,False,7,False,False,14,12, 1069 1119 1203 183 203 212 246 468 752 830 928 973, 98, b c d l o p u v,.maj_2.maj_5.maj_5.maj_7.maj_5.maj_7.maj_5.maj_7.maj_5.maj,14,12, 1069 1119 1203 183 203 212 246 468 752 830 928 973, b c d l o p u v,10
3maj7_11min7_5min7_5min7_,False,7,False,False,22,3, 1056 1112 319, 231, b c d o,.maj7_11.min7_5.min7_5.min7,22,3, 1056 1112 319, b c d o,4
07_5maj_7maj_77_5maj_77_5maj_,False,7,False,False,15,6, 1006 1054 1107 1194 788 822, 18 75, c lv u v,.maj_0.7_5.maj_7.maj_7.7_5.maj_7.7_5.maj,14,5, 1006 1054 1107 1194 822, c lv u v,8
07_5maj_7maj_77_5maj_77_5maj_,False,7,False,False,15,6, 1006 1054 1107 1194 788 822, 18 75, c lv u v,.7_5.maj_7.maj_7.7_5.maj_7.7_5.maj,1,1, 788, c lv u v,7
5maj_77_,False,7,False,False,26,10, 1102 123 185 308 403 472 477 802 830 847, 177 178, c d i ic iv l lv o u v vl vo vt,.maj_7.7_5.maj_7.7_5.maj_7.7_5.maj,15,6, 1102 308 403 477 830 847, c d i iv o v,7
5maj_77_,False,7,False,False,26,10, 1102 123 185 308 403 472 477 802 830 847, 177 178, c d i ic iv l lv o u v vl vo vt,.maj_7.7_5.maj_7.7_5.maj,11,8, 123 185 308 403 472 802 830 847, c d i ic iv l lv o u v vl vo vt,5
2maj_5maj_9min_3maj_9min_8maj_,False,7,False,False,21,9, 217 250 401 549 598 616 617 749 902, 44 246, c o p v vc vt,.maj_9.min_3.maj_9.min_8.maj_2.maj_5.maj,17,8, 217 250 401 549 598 616 617 902, c p v vc vt,7
2maj_5maj_9min_3maj_9min_8maj_,False,7,False,False,21,9, 217 250 401 549 598 616 617 749 902, 44 246, c o p v vc vt,.min_3.maj_9.min_8.maj_2.maj_5.maj,4,1, 749, c o p v vc vt,6
2maj_5maj_5maj_2maj_10maj_,False,7,False,False,33,14, 1039 1089 1104 1190 1208 1248 19 199 258 268 300 349 623 83, 60 86 168, b c cl d l o p pc t v,.maj_2.maj_10.maj_2.maj_5.maj_5.maj_2.maj_10.maj,16,5, 1104 1190 268 300 623, b c d l o p t v,8
2maj_5maj_5maj_2maj_10maj_,False,7,False,False,33,14, 1039 1089 1104 1190 1208 1248 19 199 258 268 300 349 623 83, 60 86 168, b c cl d l o p pc t v,.maj_5.maj_2.maj_10.maj_2.maj_5.maj,17,10, 1039 1089 1190 1208 1248 19 199 258 349 83, c cl d l o p pc v,6
7maj_7maj_107_,False,7,False,False,10,3, 322 518 943, 215, c cu d o v vc vt,.maj_7.maj_10.7_7.maj,10,3, 322 518 943, c cu d o v vc vt,4
2min7_5maj_5maj_,False,7,False,False,18,2, 1192 1285, 121 171, c d v,.maj_5.maj_2.min7_5.maj_5.maj_2.min7,18,2, 1192 1285, c d v,6
57_77_77_107_77_,False,7,False,False,27,12, 1125 115 1193 1247 214 289 314 383 455 510 672 792, 1 2 6 7 24 25 27 28 30 31, c h l s v,.7_5.7_7.7_7.7_10.7_7.7_5.7_7.7_7.7_10.7_7.7_5.7_7.7_7.7_10.7_7.7,12,9, 1125 115 1193 214 289 383 455 672 792, c h l s v,16
57_77_77_107_77_,False,7,False,False,27,12, 1125 115 1193 1247 214 289 314 383 455 510 672 792, 1 2 6 7 24 25 27 28 30 31, c h l s v,.7_7.7_7.7_10.7_7.7_5.7_7.7_7.7_10.7_7.7_5.7_7.7_7.7_10.7_7.7,1,1, 455, c h l s v,15
57_77_77_107_77_,False,7,False,False,27,12, 1125 115 1193 1247 214 289 314 383 455 510 672 792, 1 2 6 7 24 25 27 28 30 31, c h l s v,.7_10.7_7.7_5.7_7.7_7.7_10.7_7.7_5.7_7.7_7.7_10.7_7.7,1,1, 383, c h l s v,13
57_77_77_107_77_,False,7,False,False,27,12, 1125 115 1193 1247 214 289 314 383 455 510 672 792, 1 2 6 7 24 25 27 28 30 31, c h l s v,.7_5.7_7.7_7.7_10.7_7.7_5.7_7.7_7.7_10.7_7.7,3,2, 1247 314, c h l s v,11
57_77_77_107_77_,False,7,False,False,27,12, 1125 115 1193 1247 214 289 314 383 455 510 672 792, 1 2 6 7 24 25 27 28 30 31, c h l s v,.7_7.7_7.7_10.7_7.7_5.7_7.7_7.7_10.7_7.7,3,3, 214 455 672, c h l s v,10
57_77_77_107_77_,False,7,False,False,27,12, 1125 115 1193 1247 214 289 314 383 455 510 672 792, 1 2 6 7 24 25 27 28 30 31, c h l s v,.7_10.7_7.7_5.7_7.7_7.7_10.7_7.7,1,1, 672, c h l s v,8
57_77_77_107_77_,False,7,False,False,27,12, 1125 115 1193 1247 214 289 314 383 455 510 672 792, 1 2 6 7 24 25 27 28 30 31, c h l s v,.7_7.7_5.7_7.7_7.7_10.7_7.7,6,3, 1193 289 510, c h l s v,7
2min_57_5maj_,False,7,False,False,17,8, 1055 1138 1245 387 443 517 588 914, 113, c l p v,.maj_2.min_5.7_5.maj,17,8, 1055 1138 1245 387 443 517 588 914, c l p v,4
2maj_5maj_7maj_2min_8maj_,False,7,False,False,11,4, 1140 1155 572 842, 102 108 146 183 184 235, b c d i v,.maj_7.maj_2.min_8.maj_2.maj_5.maj_7.maj_2.min_8.maj_2.maj_5.maj,4,1, 572, c d i,11
2maj_5maj_7maj_2min_8maj_,False,7,False,False,11,4, 1140 1155 572 842, 102 108 146 183 184 235, b c d i v,.maj_2.min_8.maj_2.maj_5.maj_7.maj_2.min_8.maj_2.maj_5.maj,2,1, 572, c d i,10
2maj_5maj_7maj_2min_8maj_,False,7,False,False,11,4, 1140 1155 572 842, 102 108 146 183 184 235, b c d i v,.maj_7.maj_2.min_8.maj_2.maj_5.maj,5,3, 1140 1155 842, b c d i v,6
0maj_77_5maj_0sus_,False,7,False,False,5,4, 1269 348 711 822, 20, c l p u v,.7_5.maj_0.sus_0.maj,5,4, 1269 348 711 822, c l p u v,4
2maj_5maj_7maj_10maj_,False,7,False,False,61,14, 1142 1289 150 183 198 258 300 349 385 6 656 794 81 821, 61 62 63 99 100 101 141 142 143 144 220 221, c cd cl co cs cv d i ic iv l o od t u uv v,.maj_10.maj_2.maj_5.maj_7.maj_10.maj_2.maj_5.maj_7.maj_10.maj_2.maj_5.maj_7.maj_10.maj_2.maj_5.maj_7.maj_10.maj_2.maj,8,5, 1289 150 794 81 821, c d o v,19
2maj_5maj_7maj_10maj_,False,7,False,False,61,14, 1142 1289 150 183 198 258 300 349 385 6 656 794 81 821, 61 62 63 99 100 101 141 142 143 144 220 221, c cd cl co cs cv d i ic iv l o od t u uv v,.maj_10.maj_2.maj_5.maj_7.maj_10.maj_2.maj_5.maj_7.maj_10.maj_2.maj_5.maj,19,6, 150 198 300 6 81 821, c cl cs cv d i ic iv l o od u uv v,12
2maj_5maj_7maj_10maj_,False,7,False,False,61,14, 1142 1289 150 183 198 258 300 349 385 6 656 794 81 821, 61 62 63 99 100 101 141 142 143 144 220 221, c cd cl co cs cv d i ic iv l o od t u uv v,.maj_5.maj_7.maj_10.maj_2.maj_5.maj_7.maj_10.maj_2.maj_5.maj_7.maj_10.maj,6,2, 1289 300, c d i l o u v,12
2maj_5maj_7maj_10maj_,False,7,False,False,61,14, 1142 1289 150 183 198 258 300 349 385 6 656 794 81 821, 61 62 63 99 100 101 141 142 143 144 220 221, c cd cl co cs cv d i ic iv l o od t u uv v,.maj_7.maj_10.maj_2.maj_5.maj_7.maj_10.maj_2.maj_5.maj_7.maj_10.maj,7,5, 258 349 385 794 821, c d i l o t u v,11
2maj_5maj_7maj_10maj_,False,7,False,False,61,14, 1142 1289 150 183 198 258 300 349 385 6 656 794 81 821, 61 62 63 99 100 101 141 142 143 144 220 221, c cd cl co cs cv d i ic iv l o od t u uv v,.maj_2.maj_5.maj_7.maj_10.maj_2.maj_5.maj_7.maj_10.maj_2.maj_5.maj,6,2, 198 656, c cl cs cv d i ic iv l o od u uv v,11
2maj_5maj_7maj_10maj_,False,7,False,False,61,14, 1142 1289 150 183 198 258 300 349 385 6 656 794 81 821, 61 62 63 99 100 101 141 142 143 144 220 221, c cd cl co cs cv d i ic iv l o od t u uv v,.maj_5.maj_7.maj_10.maj_2.maj_5.maj_7.maj_10.maj_2.maj_5.maj,5,1, 1142, c cl cs cv d i ic iv l o od u uv v,10
2maj_5maj_7maj_10maj_,False,7,False,False,61,14, 1142 1289 150 183 198 258 300 349 385 6 656 794 81 821, 61 62 63 99 100 101 141 142 143 144 220 221, c cd cl co cs cv d i ic iv l o od t u uv v,.maj_7.maj_10.maj_2.maj_5.maj_7.maj_10.maj_2.maj_5.maj,3,3, 6 656 821, c cd cl cs cv d i ic iv l o od t u uv v,9
2maj_5maj_7maj_10maj_,False,7,False,False,61,14, 1142 1289 150 183 198 258 300 349 385 6 656 794 81 821, 61 62 63 99 100 101 141 142 143 144 220 221, c cd cl co cs cv d i ic iv l o od t u uv v,.maj_10.maj_2.maj_5.maj_7.maj_10.maj_2.maj_5.maj,2,1, 183, c cd cl cs cv d i ic iv l o od t u uv v,8
2maj_5maj_7maj_10maj_,False,7,False,False,61,14, 1142 1289 150 183 198 258 300 349 385 6 656 794 81 821, 61 62 63 99 100 101 141 142 143 144 220 221, c cd cl co cs cv d i ic iv l o od t u uv v,.maj_2.maj_5.maj_7.maj_10.maj_2.maj_5.maj,2,2, 6 656, c cd cl co cs cv d i ic iv l o od t u uv v,7
2maj_5maj_7maj_10maj_,False,7,False,False,61,14, 1142 1289 150 183 198 258 300 349 385 6 656 794 81 821, 61 62 63 99 100 101 141 142 143 144 220 221, c cd cl co cs cv d i ic iv l o od t u uv v,.maj_5.maj_7.maj_10.maj_2.maj_5.maj,3,1, 656, c cd cl co cs cv d i ic iv l o od t u uv v,6
3maj_7maj_7maj_7maj_,False,7,False,False,32,11, 1034 114 1201 1246 206 451 465 53 601 655 675, 204 209, b c d l o r s v,.maj_7.maj_7.maj_7.maj_3.maj_7.maj,22,6, 1034 206 451 465 53 655, b c d l o v,6
3maj_7maj_7maj_7maj_,False,7,False,False,32,11, 1034 114 1201 1246 206 451 465 53 601 655 675, 204 209, b c d l o r s v,.maj_7.maj_7.maj_3.maj_7.maj,10,5, 114 1201 1246 601 675, b c d l o r s v,5
5maj_5maj_9min_5min_,False,7,False,False,16,4, 218 484 728 926, 46 161 252 254, c d i od v,.maj_9.min_5.min_5.maj_5.maj_9.min_5.min_5.maj_5.maj,15,4, 218 484 728 926, c d i od v,9
5maj_5maj_9min_5min_,False,7,False,False,16,4, 218 484 728 926, 46 161 252 254, c d i od v,.min_5.min_5.maj_5.maj_9.min_5.min_5.maj_5.maj,1,1, 484, c d i od v,8
07_5maj_5maj_2maj_,False,7,False,False,12,7, 1253 1289 235 302 387 726 915, 88 170, b c cv iv o uc v vc vo,.maj_5.maj_2.maj_0.7_5.maj,4,2, 235 726, c cv v vc,5
07_5maj_5maj_2maj_,False,7,False,False,12,7, 1253 1289 235 302 387 726 915, 88 170, b c cv iv o uc v vc vo,.maj_2.maj_0.7_5.maj,8,6, 1253 1289 235 302 387 915, b c cv iv o uc v vc vo,4
3maj_7maj_5maj_11min_10min_,False,7,False,False,23,2, 1177 952, 69, c ct,.maj_11.min_10.min_3.maj_7.maj,23,2, 1177 952, c ct,5
5maj_9min_8maj_9min_5sus_,False,7,False,False,6,1, 309, 47 48 50 51 238 239 258 295, c d o,.maj_9.min_8.maj_9.min_5.sus_5.maj_9.min_8.maj_9.min_5.sus_5.maj_9.min,5,1, 309, c d o,12
5maj_9min_8maj_9min_5sus_,False,7,False,False,6,1, 309, 47 48 50 51 238 239 258 295, c d o,.maj_9.min_5.sus_5.maj_9.min_8.maj_9.min_5.sus_5.maj_9.min,1,1, 309, c d o,10
5maj_5maj_7maj_7maj_5maj_7maj_,False,7,False,False,27,12, 1034 126 130 149 39 457 559 678 809 889 941 952, 136 148 155 191 194 211, c co d i l lu o p t u ul v vc vl vu,.maj_7.maj_5.maj_7.maj_5.maj_5.maj_7.maj_7.maj_5.maj_7.maj_5.maj,9,5, 130 149 678 809 941, c co l lu o v vc vl vu,11
5maj_5maj_7maj_7maj_5maj_7maj_,False,7,False,False,27,12, 1034 126 130 149 39 457 559 678 809 889 941 952, 136 148 155 191 194 211, c co d i l lu o p t u ul v vc vl vu,.maj_5.maj_7.maj_5.maj_5.maj_7.maj_7.maj_5.maj_7.maj_5.maj,1,1, 941, c co l lu o v vc vl vu,10
5maj_5maj_7maj_7maj_5maj_7maj_,False,7,False,False,27,12, 1034 126 130 149 39 457 559 678 809 889 941 952, 136 148 155 191 194 211, c co d i l lu o p t u ul v vc vl vu,.maj_7.maj_5.maj_5.maj_7.maj_7.maj_5.maj_7.maj_5.maj,2,2, 1034 457, c co d l lu o t u v vc vl vu,9
5maj_5maj_7maj_7maj_5maj_7maj_,False,7,False,False,27,12, 1034 126 130 149 39 457 559 678 809 889 941 952, 136 148 155 191 194 211, c co d i l lu o p t u ul v vc vl vu,.maj_5.maj_5.maj_7.maj_7.maj_5.maj_7.maj_5.maj,1,1, 457, c co d l lu o t u v vc vl vu,8
5maj_5maj_7maj_7maj_5maj_7maj_,False,7,False,False,27,12, 1034 126 130 149 39 457 559 678 809 889 941 952, 136 148 155 191 194 211, c co d i l lu o p t u ul v vc vl vu,.maj_7.maj_7.maj_5.maj_7.maj_5.maj_5.maj_7.maj,9,7, 1034 126 149 39 457 559 809, c l o t v,8
5maj_5maj_7maj_7maj_5maj_7maj_,False,7,False,False,27,12, 1034 126 130 149 39 457 559 678 809 889 941 952, 136 148 155 191 194 211, c co d i l lu o p t u ul v vc vl vu,.maj_5.maj_7.maj_7.maj_5.maj_7.maj_5.maj,5,4, 130 678 889 952, c co d i l lu o p t u ul v vc vl vu,7
3maj_77_5maj_9min_,False,7,False,False,13,1, 37, 245, bv c ic v,.min_3.maj_7.7_5.maj,13,1, 37, bv c ic v,4
2maj_5maj_5maj_,False,7,False,False,181,48, 101 1040 1043 1044 1045 105 1071 1104 1190 1203 1208 1239 148 217 224 231 254 280 290 293 294 30 324 325 385 421 427 43 443 448 465 467 589 615 620 66 690 71 72 720 729 779 791 798 838 843 845 973, 96 97 132 167, b c cd co ct cu d i ic iv l lc lo o od p pc pd s t tp tv u uv v vp,.maj_2.maj_5.maj_5.maj_2.maj_5.maj_5.maj_2.maj_5.maj,118,33, 1040 1043 1045 1104 1190 1203 1208 1239 148 231 290 30 324 385 421 43 443 448 465 467 615 66 690 71 72 720 729 791 798 838 843 845 973, b c cd co ct d i iv l lc lo o od p t tp tv u uv v vp,9
2maj_5maj_5maj_,False,7,False,False,181,48, 101 1040 1043 1044 1045 105 1071 1104 1190 1203 1208 1239 148 217 224 231 254 280 290 293 294 30 324 325 385 421 427 43 443 448 465 467 589 615 620 66 690 71 72 720 729 779 791 798 838 843 845 973, 96 97 132 167, b c cd co ct cu d i ic iv l lc lo o od p pc pd s t tp tv u uv v vp,.maj_5.maj_5.maj_2.maj_5.maj_5.maj_2.maj_5.maj,13,8, 1071 254 294 427 443 66 690 838, b c cd co ct d i iv l lc lo o od p pc pd t tp tv u uv v vp,8
2maj_5maj_5maj_,False,7,False,False,181,48, 101 1040 1043 1044 1045 105 1071 1104 1190 1203 1208 1239 148 217 224 231 254 280 290 293 294 30 324 325 385 421 427 43 443 448 465 467 589 615 620 66 690 71 72 720 729 779 791 798 838 843 845 973, 96 97 132 167, b c cd co ct cu d i ic iv l lc lo o od p pc pd s t tp tv u uv v vp,.maj_5.maj_2.maj_5.maj_5.maj_2.maj_5.maj,8,6, 101 105 217 224 293 427, b c cd co ct d i ic iv l lc lo o od p pc pd t tp tv u uv v vp,7
2maj_5maj_5maj_,False,7,False,False,181,48, 101 1040 1043 1044 1045 105 1071 1104 1190 1203 1208 1239 148 217 224 231 254 280 290 293 294 30 324 325 385 421 427 43 443 448 465 467 589 615 620 66 690 71 72 720 729 779 791 798 838 843 845 973, 96 97 132 167, b c cd co ct cu d i ic iv l lc lo o od p pc pd s t tp tv u uv v vp,.maj_2.maj_5.maj_5.maj_2.maj_5.maj,42,27, 101 1040 1044 1203 1239 280 290 324 325 43 448 465 467 589 615 620 66 690 71 72 729 779 791 798 843 845 973, b c cd co ct cu d i ic iv l lc lo o od p pc pd s t tp tv u uv v vp,6
57_7min7_,False,7,False,False,137,17, 1032 1085 1127 1174 1268 241 288 445 483 490 506 627 691 70 748 834 925, 35, b c d h i l o s t u v vc,.7_7.min7_5.7,137,17, 1032 1085 1127 1174 1268 241 288 445 483 490 506 627 691 70 748 834 925, b c d h i l o s t u v vc,3
0maj_7maj_5maj_0sus_,False,7,False,False,39,7, 1234 182 229 245 348 354 68, 164, c d iv l p s u v,.maj_5.maj_0.sus_0.maj,39,7, 1234 182 229 245 348 354 68, c d iv l p s u v,4
2maj_5maj_5maj_2maj_5maj_5maj_7maj_5maj_,False,7,False,False,26,11, 1104 1208 290 372 443 467 555 589 758 785 798, 188, b c i o v,.maj_7.maj_5.maj_2.maj_5.maj_5.maj_2.maj_5.maj,26,11, 1104 1208 290 372 443 467 555 589 758 785 798, b c i o v,8
2maj_5maj_5maj_7maj_5maj_7maj_5maj_7maj_5maj_7maj_5maj_7maj_5maj_7maj_5maj_7maj_5maj_,False,7,False,False,20,11, 1018 1100 1117 203 330 41 468 615 619 674 752, 134, c d o v,.maj_5.maj_5.maj_7.maj_5.maj_7.maj_5.maj_7.maj_5.maj_7.maj_5.maj_7.maj_5.maj_7.maj_5.maj_7.maj_5.maj,20,11, 1018 1100 1117 203 330 41 468 615 619 674 752, c d o v,17
0min7_3maj_7maj_2min_10maj_2maj_,False,7,False,False,10,1, 1169, 89, c v,.maj_2.maj_0.min7_3.maj_7.maj_2.min,10,1, 1169, c v,6
5maj_5maj_5maj_9min_,False,7,False,False,17,7, 109 235 258 349 546 843 872, 45 140, b c cd cu d o t tl tv u,.maj_9.min_5.maj_5.maj_5.maj_9.min_5.maj_5.maj,15,5, 109 258 349 546 843, c cd cu d o tl tv u,8
5maj_5maj_5maj_9min_,False,7,False,False,17,7, 109 235 258 349 546 843 872, 45 140, b c cd cu d o t tl tv u,.maj_5.maj_5.maj_9.min_5.maj_5.maj,2,2, 235 872, b c cd cu d o t tl tv u,6
27_5maj_5maj_,False,7,False,False,31,11, 1072 1154 1218 222 463 472 477 500 565 689 914, 8 9 10 81 82 165 166, b c cd co cu cv d iv l p s uv v,.7_5.maj_5.maj_2.7_5.maj_5.maj_2.7_5.maj_5.maj_2.7_5.maj,7,3, 1072 1154 463, c co cu cv d s v,11
27_5maj_5maj_,False,7,False,False,31,11, 1072 1154 1218 222 463 472 477 500 565 689 914, 8 9 10 81 82 165 166, b c cd co cu cv d iv l p s uv v,.maj_5.maj_2.7_5.maj_5.maj_2.7_5.maj_5.maj_2.7_5.maj,1,1, 500, c co cu cv d s v,10
27_5maj_5maj_,False,7,False,False,31,11, 1072 1154 1218 222 463 472 477 500 565 689 914, 8 9 10 81 82 165 166, b c cd co cu cv d iv l p s uv v,.maj_2.7_5.maj_5.maj_2.7_5.maj_5.maj_2.7_5.maj,5,2, 1072 1218, c co cu cv d s v,9
27_5maj_5maj_,False,7,False,False,31,11, 1072 1154 1218 222 463 472 477 500 565 689 914, 8 9 10 81 82 165 166, b c cd co cu cv d iv l p s uv v,.7_5.maj_5.maj_2.7_5.maj_5.maj_2.7_5.maj,6,3, 222 463 477, b c co cu cv d l s v,8
27_5maj_5maj_,False,7,False,False,31,11, 1072 1154 1218 222 463 472 477 500 565 689 914, 8 9 10 81 82 165 166, b c cd co cu cv d iv l p s uv v,.maj_5.maj_2.7_5.maj_5.maj_2.7_5.maj,3,1, 500, b c co cu cv d l s v,7
27_5maj_5maj_,False,7,False,False,31,11, 1072 1154 1218 222 463 472 477 500 565 689 914, 8 9 10 81 82 165 166, b c cd co cu cv d iv l p s uv v,.maj_2.7_5.maj_5.maj_2.7_5.maj,2,1, 472, b c co cu cv d iv l s uv v,6
27_5maj_5maj_,False,7,False,False,31,11, 1072 1154 1218 222 463 472 477 500 565 689 914, 8 9 10 81 82 165 166, b c cd co cu cv d iv l p s uv v,.7_5.maj_5.maj_2.7_5.maj,7,4, 1218 565 689 914, b c cd co cu cv d iv l p s uv v,5
0maj_0sus_0maj_7maj_5sus_,False,7,False,False,21,5, 469 507 518 813 894, 174, l s v,.maj_5.sus_0.maj_0.sus_0.maj,21,5, 469 507 518 813 894, l s v,5
0min_7maj_5maj_,False,7,False,False,15,7, 106 109 157 185 56 86 974, 163, b c h o v,.maj_5.maj_0.min_7.maj,15,7, 106 109 157 185 56 86 974, b c h o v,4
5maj_5maj_7maj_7maj_,False,7,False,False,48,12, 1034 124 1281 191 23 451 559 59 671 71 798 905, 153 190, b c co ct d i iv l lt o oc s sd t tv u v vc vo vs vu,.maj_7.maj_5.maj_5.maj_7.maj_7.maj_5.maj,42,9, 1281 191 23 451 559 671 71 798 905, b c co ct d i l lt o oc t u v vc vo vu,7
5maj_5maj_7maj_7maj_,False,7,False,False,48,12, 1034 124 1281 191 23 451 559 59 671 71 798 905, 153 190, b c co ct d i iv l lt o oc s sd t tv u v vc vo vs vu,.maj_5.maj_7.maj_7.maj_5.maj_5.maj_7.maj,6,4, 1034 124 59 671, b c co ct d i iv l o s sd t tv u v vc vs,7
2maj_7min7_3maj7_,False,7,False,False,13,1, 663, 225, c d i l,.maj_7.min7_3.maj7_2.maj,13,1, 663, c d i l,4
0maj_5maj_2maj_5maj_0sus_,False,7,False,False,15,6, 229 234 348 354 461 68, 107, d l p v,.maj_2.maj_5.maj_0.sus_0.maj,15,6, 229 234 348 354 461 68, d l p v,5
2maj_5maj_2min_3maj_,False,7,False,False,27,7, 10 1203 258 349 64 747 94, 111 112 250, c cu cv l o t tc tv u v vc,.maj_2.min_3.maj_2.maj_5.maj_2.min_3.maj_2.maj_5.maj,16,4, 10 258 349 747, c o tc v vc,9
2maj_5maj_2min_3maj_,False,7,False,False,27,7, 10 1203 258 349 64 747 94, 111 112 250, c cu cv l o t tc tv u v vc,.maj_2.min_3.maj_2.maj_5.maj,11,4, 1203 64 747 94, c cu cv l o t tc tv u v vc,5
57_57_5maj_97_,False,7,False,False,20,4, 120 554 761 796, 36, b c d i l s uc v,.maj_9.7_5.7_5.7_5.maj,20,4, 120 554 761 796, b c d i l s uc v,5
2maj_5maj_7maj_5maj_5maj_,False,7,False,False,13,8, 130 184 249 601 66 71 845 973, 103 147, b c d l lv t u v,.maj_2.maj_5.maj_7.maj_5.maj_5.maj_2.maj_5.maj,8,4, 184 249 601 66, b c d l v,8
2maj_5maj_7maj_5maj_5maj_,False,7,False,False,13,8, 130 184 249 601 66 71 845 973, 103 147, b c d l lv t u v,.maj_5.maj_7.maj_5.maj_5.maj_2.maj_5.maj,5,5, 130 249 71 845 973, b c d l lv t u v,7
07_5maj_7maj_77_5maj_,False,7,False,False,28,15, 1006 1041 1054 1116 1194 169 346 4 472 56 638 678 748 788 875, 17 74 203, bv c cb h i l u v vc,.maj_7.maj_7.7_5.maj_0.7_5.maj,15,9, 1041 1054 1116 169 346 472 638 748 875, c cb u v vc,6
07_5maj_7maj_77_5maj_,False,7,False,False,28,15, 1006 1041 1054 1116 1194 169 346 4 472 56 638 678 748 788 875, 17 74 203, bv c cb h i l u v vc,.maj_0.7_5.maj_7.maj_7.7_5.maj,7,6, 1006 1054 1116 1194 4 472, bv c i l u v vc,6
07_5maj_7maj_77_5maj_,False,7,False,False,28,15, 1006 1041 1054 1116 1194 169 346 4 472 56 638 678 748 788 875, 17 74 203, bv c cb h i l u v vc,.7_5.maj_7.maj_7.7_5.maj,6,4, 169 56 678 788, bv c h i l u v vc,5
2maj_2min7_8maj_,False,7,False,False,19,7, 236 312 352 547 608 791 812, 92 93 94 116 117 118 119 265 266 267, b c i l o s u v,.maj_2.min7_8.maj_2.maj_2.min7_8.maj_2.maj_2.min7_8.maj_2.maj_2.min7_8.maj_2.maj_2.min7_8.maj_2.maj,3,1, 352, c l,16
2maj_2min7_8maj_,False,7,False,False,19,7, 236 312 352 547 608 791 812, 92 93 94 116 117 118 119 265 266 267, b c i l o s u v,.maj_2.maj_2.min7_8.maj_2.maj_2.min7_8.maj_2.maj_2.min7_8.maj_2.maj_2.min7_8.maj_2.maj,3,1, 352, c l,14
2maj_2min7_8maj_,False,7,False,False,19,7, 236 312 352 547 608 791 812, 92 93 94 116 117 118 119 265 266 267, b c i l o s u v,.min7_8.maj_2.maj_2.min7_8.maj_2.maj_2.min7_8.maj_2.maj,2,1, 352, c l s,9
2maj_2min7_8maj_,False,7,False,False,19,7, 236 312 352 547 608 791 812, 92 93 94 116 117 118 119 265 266 267, b c i l o s u v,.maj_2.maj_2.min7_8.maj_2.maj,8,4, 547 608 791 812, b c i l o s u v,5
2maj_2min7_8maj_,False,7,False,False,19,7, 236 312 352 547 608 791 812, 92 93 94 116 117 118 119 265 266 267, b c i l o s u v,.maj_2.min7_8.maj_2.maj,3,2, 236 312, b c i l o s u v,4
57_7maj_,False,7,False,False,14,5, 1149 414 518 943 969, 32 33 130 131, c co cv h i iv l o u v,.maj_5.7_7.maj_5.7_7.maj_5.7_7.maj,10,4, 1149 518 943 969, c co cv i iv l o v,7
57_7maj_,False,7,False,False,14,5, 1149 414 518 943 969, 32 33 130 131, c co cv h i iv l o u v,.7_7.maj_5.7_7.maj_5.7_7.maj,1,1, 969, c co cv i iv l o v,6
57_7maj_,False,7,False,False,14,5, 1149 414 518 943 969, 32 33 130 131, c co cv h i iv l o u v,.7_7.maj_5.7_7.maj,3,1, 414, c co cv h i iv l o u v,4
7maj_9min_10maj_10maj_,False,7,False,False,11,4, 1011 1012 1177 589, 212, c up v vb,.maj_7.maj_9.min_10.maj_10.maj,11,4, 1011 1012 1177 589, c up v vb,5
2no3_10sus_,False,7,False,False,7,1, 51, 289 293, d i o t v,.no3_10.sus_2.no3_10.sus_2.no3,6,1, 51, d o v,5
2no3_10sus_,False,7,False,False,7,1, 51, 289 293, d i o t v,.sus_2.no3_10.sus_2.no3,1,1, 51, d i o t v,4
Total Loops:,125,Total Abs Licks Count:,228
